--
-- PostgreSQL database dump
--

\restrict miIMRlQLmPef1xRGfY6GTPH8q6pRFHlmkWrj1pVfOnclIAK8ca2cgCCUYzRG77r

-- Dumped from database version 16.11 (Debian 16.11-1.pgdg13+1)
-- Dumped by pg_dump version 16.11 (Debian 16.11-1.pgdg13+1)

SET statement_timeout = 0;
SET lock_timeout = 0;
SET idle_in_transaction_session_timeout = 0;
SET client_encoding = 'UTF8';
SET standard_conforming_strings = on;
SELECT pg_catalog.set_config('search_path', '', false);
SET check_function_bodies = false;
SET xmloption = content;
SET client_min_messages = warning;
SET row_security = off;

--
-- Data for Name: averages; Type: TABLE DATA; Schema: public; Owner: arrbo
--

INSERT INTO public.averages (id, player_name, player_pts, player_reb, player_ast, player_pra) VALUES (1, 'A.J. Lawson', 4.5, 2, 0.3, 6.8);
INSERT INTO public.averages (id, player_name, player_pts, player_reb, player_ast, player_pra) VALUES (2, 'AJ Green', 10.1, 2.5, 2, 14.6);
INSERT INTO public.averages (id, player_name, player_pts, player_reb, player_ast, player_pra) VALUES (3, 'AJ Johnson', 2.3, 1.1, 0.8, 4.2);
INSERT INTO public.averages (id, player_name, player_pts, player_reb, player_ast, player_pra) VALUES (4, 'Aaron Gordon', 17.7, 6.2, 2.5, 26.4);
INSERT INTO public.averages (id, player_name, player_pts, player_reb, player_ast, player_pra) VALUES (5, 'Aaron Holiday', 5.7, 0.8, 1, 7.5);
INSERT INTO public.averages (id, player_name, player_pts, player_reb, player_ast, player_pra) VALUES (6, 'Aaron Nesmith', 13.8, 4.9, 2.3, 21.000000000000004);
INSERT INTO public.averages (id, player_name, player_pts, player_reb, player_ast, player_pra) VALUES (7, 'Aaron Wiggins', 10.6, 3.5, 1.8, 15.9);
INSERT INTO public.averages (id, player_name, player_pts, player_reb, player_ast, player_pra) VALUES (8, 'Ace Bailey', 11.2, 3.6, 1.6, 16.4);
INSERT INTO public.averages (id, player_name, player_pts, player_reb, player_ast, player_pra) VALUES (9, 'Adem Bona', 3.9, 3.9, 0.2, 8);
INSERT INTO public.averages (id, player_name, player_pts, player_reb, player_ast, player_pra) VALUES (10, 'Adou Thiero', 1.3, 1.2, 0.3, 2.8);
INSERT INTO public.averages (id, player_name, player_pts, player_reb, player_ast, player_pra) VALUES (11, 'Ajay Mitchell', 14.1, 3.5, 3.7, 21.3);
INSERT INTO public.averages (id, player_name, player_pts, player_reb, player_ast, player_pra) VALUES (12, 'Al Horford', 7.2, 5, 2.3, 14.5);
INSERT INTO public.averages (id, player_name, player_pts, player_reb, player_ast, player_pra) VALUES (13, 'Alex Caruso', 6.1, 2.8, 2.1, 10.999999999999998);
INSERT INTO public.averages (id, player_name, player_pts, player_reb, player_ast, player_pra) VALUES (14, 'Alex Sarr', 17.6, 7.7, 2.8, 28.1);
INSERT INTO public.averages (id, player_name, player_pts, player_reb, player_ast, player_pra) VALUES (15, 'Alijah Martin', 3, 1.2, 0.8, 5);
INSERT INTO public.averages (id, player_name, player_pts, player_reb, player_ast, player_pra) VALUES (16, 'Alperen Sengun', 21, 9.2, 6.4, 36.6);
INSERT INTO public.averages (id, player_name, player_pts, player_reb, player_ast, player_pra) VALUES (17, 'Amari Williams', 1.7, 2.1, 0.5, 4.3);
INSERT INTO public.averages (id, player_name, player_pts, player_reb, player_ast, player_pra) VALUES (18, 'Amen Thompson', 18.2, 7.7, 5.5, 31.4);
INSERT INTO public.averages (id, player_name, player_pts, player_reb, player_ast, player_pra) VALUES (19, 'Amir Coffey', 1.9, 0.7, 0.3, 2.8999999999999995);
INSERT INTO public.averages (id, player_name, player_pts, player_reb, player_ast, player_pra) VALUES (20, 'Andre Drummond', 6.8, 8.7, 0.8, 16.3);
INSERT INTO public.averages (id, player_name, player_pts, player_reb, player_ast, player_pra) VALUES (21, 'Andre Jackson Jr.', 1.5, 0.8, 0.9, 3.1999999999999997);
INSERT INTO public.averages (id, player_name, player_pts, player_reb, player_ast, player_pra) VALUES (22, 'Andrew Nembhard', 17.6, 3, 7.5, 28.1);
INSERT INTO public.averages (id, player_name, player_pts, player_reb, player_ast, player_pra) VALUES (23, 'Andrew Wiggins', 15.6, 4.9, 2.9, 23.4);
INSERT INTO public.averages (id, player_name, player_pts, player_reb, player_ast, player_pra) VALUES (24, 'Anfernee Simons', 14.2, 2.4, 2.4, 18.999999999999996);
INSERT INTO public.averages (id, player_name, player_pts, player_reb, player_ast, player_pra) VALUES (25, 'Anthony Black', 15.9, 4.1, 4.1, 24.1);
INSERT INTO public.averages (id, player_name, player_pts, player_reb, player_ast, player_pra) VALUES (26, 'Anthony Davis', 20.4, 11.1, 2.8, 34.3);
INSERT INTO public.averages (id, player_name, player_pts, player_reb, player_ast, player_pra) VALUES (27, 'Anthony Edwards', 29.4, 5.2, 3.7, 38.300000000000004);
INSERT INTO public.averages (id, player_name, player_pts, player_reb, player_ast, player_pra) VALUES (28, 'Anthony Gill', 1.8, 1.5, 0.1, 3.4);
INSERT INTO public.averages (id, player_name, player_pts, player_reb, player_ast, player_pra) VALUES (29, 'Antonio Reeves', 3, 0.7, 0.3, 4);
INSERT INTO public.averages (id, player_name, player_pts, player_reb, player_ast, player_pra) VALUES (30, 'Ariel Hukporti', 1.6, 2.7, 0.5, 4.800000000000001);
INSERT INTO public.averages (id, player_name, player_pts, player_reb, player_ast, player_pra) VALUES (31, 'Asa Newell', 5.1, 2.1, 0.5, 7.699999999999999);
INSERT INTO public.averages (id, player_name, player_pts, player_reb, player_ast, player_pra) VALUES (32, 'Ausar Thompson', 10.6, 6, 2.7, 19.3);
INSERT INTO public.averages (id, player_name, player_pts, player_reb, player_ast, player_pra) VALUES (33, 'Austin Reaves', 26.6, 5.2, 6.3, 38.1);
INSERT INTO public.averages (id, player_name, player_pts, player_reb, player_ast, player_pra) VALUES (34, 'Ayo Dosunmu', 15, 3, 3.5, 21.5);
INSERT INTO public.averages (id, player_name, player_pts, player_reb, player_ast, player_pra) VALUES (35, 'Bam Adebayo', 18.2, 9.8, 2.8, 30.8);
INSERT INTO public.averages (id, player_name, player_pts, player_reb, player_ast, player_pra) VALUES (36, 'Baylor Scheierman', 3.3, 2.2, 0.8, 6.3);
INSERT INTO public.averages (id, player_name, player_pts, player_reb, player_ast, player_pra) VALUES (37, 'Ben Saraf', 4.7, 1.5, 2.6, 8.8);
INSERT INTO public.averages (id, player_name, player_pts, player_reb, player_ast, player_pra) VALUES (38, 'Ben Sheppard', 6.2, 3.2, 1.7, 11.1);
INSERT INTO public.averages (id, player_name, player_pts, player_reb, player_ast, player_pra) VALUES (39, 'Bennedict Mathurin', 17.5, 5.4, 2.1, 25);
INSERT INTO public.averages (id, player_name, player_pts, player_reb, player_ast, player_pra) VALUES (40, 'Bilal Coulibaly', 9.9, 4.7, 2.6, 17.200000000000003);
INSERT INTO public.averages (id, player_name, player_pts, player_reb, player_ast, player_pra) VALUES (41, 'Bismack Biyombo', 0.8, 0.6, 0.3, 1.7);
INSERT INTO public.averages (id, player_name, player_pts, player_reb, player_ast, player_pra) VALUES (42, 'Blake Wesley', 5.9, 2.4, 3.3, 11.600000000000001);
INSERT INTO public.averages (id, player_name, player_pts, player_reb, player_ast, player_pra) VALUES (43, 'Bobby Portis', 13.2, 6.7, 1.7, 21.599999999999998);
INSERT INTO public.averages (id, player_name, player_pts, player_reb, player_ast, player_pra) VALUES (44, 'Bobi Klintman', 2.1, 2.1, 0.5, 4.7);
INSERT INTO public.averages (id, player_name, player_pts, player_reb, player_ast, player_pra) VALUES (45, 'Bogdan Bogdanovi─ç', 8, 2.9, 2.7, 13.600000000000001);
INSERT INTO public.averages (id, player_name, player_pts, player_reb, player_ast, player_pra) VALUES (46, 'Bones Hyland', 6.7, 1.6, 2.6, 10.9);
INSERT INTO public.averages (id, player_name, player_pts, player_reb, player_ast, player_pra) VALUES (47, 'Bradley Beal', 8.2, 0.8, 1.7, 10.7);
INSERT INTO public.averages (id, player_name, player_pts, player_reb, player_ast, player_pra) VALUES (48, 'Branden Carlson', 4.9, 2.5, 0.6, 8);
INSERT INTO public.averages (id, player_name, player_pts, player_reb, player_ast, player_pra) VALUES (49, 'Brandin Podziemski', 12.1, 4.6, 3.6, 20.3);
INSERT INTO public.averages (id, player_name, player_pts, player_reb, player_ast, player_pra) VALUES (50, 'Brandon Clarke', 4, 3, 0.5, 7.5);
INSERT INTO public.averages (id, player_name, player_pts, player_reb, player_ast, player_pra) VALUES (51, 'Brandon Ingram', 21.9, 5.9, 3.7, 31.499999999999996);
INSERT INTO public.averages (id, player_name, player_pts, player_reb, player_ast, player_pra) VALUES (52, 'Brandon Miller', 20.8, 4.6, 3.4, 28.799999999999997);
INSERT INTO public.averages (id, player_name, player_pts, player_reb, player_ast, player_pra) VALUES (53, 'Brandon Williams', 12.6, 2.9, 3.6, 19.1);
INSERT INTO public.averages (id, player_name, player_pts, player_reb, player_ast, player_pra) VALUES (54, 'Brice Sensabaugh', 12, 2.9, 1.5, 16.4);
INSERT INTO public.averages (id, player_name, player_pts, player_reb, player_ast, player_pra) VALUES (55, 'Bronny James', 1.8, 0.5, 1.1, 3.4);
INSERT INTO public.averages (id, player_name, player_pts, player_reb, player_ast, player_pra) VALUES (56, 'Brook Lopez', 6.3, 2.6, 0.9, 9.8);
INSERT INTO public.averages (id, player_name, player_pts, player_reb, player_ast, player_pra) VALUES (57, 'Brooks Barnhizer', 1.1, 1.6, 0.3, 3);
INSERT INTO public.averages (id, player_name, player_pts, player_reb, player_ast, player_pra) VALUES (58, 'Bruce Brown', 7.4, 4.1, 2.2, 13.7);
INSERT INTO public.averages (id, player_name, player_pts, player_reb, player_ast, player_pra) VALUES (59, 'Bryce McGowens', 7.6, 2, 1.3, 10.9);
INSERT INTO public.averages (id, player_name, player_pts, player_reb, player_ast, player_pra) VALUES (60, 'Bub Carrington', 10, 3.7, 4.7, 18.4);
INSERT INTO public.averages (id, player_name, player_pts, player_reb, player_ast, player_pra) VALUES (61, 'Buddy Hield', 8, 2.4, 1.5, 11.9);
INSERT INTO public.averages (id, player_name, player_pts, player_reb, player_ast, player_pra) VALUES (62, 'CJ McCollum', 18.6, 3.5, 3.6, 25.700000000000003);
INSERT INTO public.averages (id, player_name, player_pts, player_reb, player_ast, player_pra) VALUES (63, 'Cade Cunningham', 25.2, 5.6, 9.8, 40.599999999999994);
INSERT INTO public.averages (id, player_name, player_pts, player_reb, player_ast, player_pra) VALUES (64, 'Caleb Houstan', 2.3, 0.5, 0.2, 3);
INSERT INTO public.averages (id, player_name, player_pts, player_reb, player_ast, player_pra) VALUES (65, 'Caleb Love', 11.4, 2.7, 2.7, 16.8);
INSERT INTO public.averages (id, player_name, player_pts, player_reb, player_ast, player_pra) VALUES (66, 'Caleb Martin', 3, 2.3, 1.6, 6.9);
INSERT INTO public.averages (id, player_name, player_pts, player_reb, player_ast, player_pra) VALUES (67, 'Cam Christie', 3.6, 1.7, 0.6, 5.8999999999999995);
INSERT INTO public.averages (id, player_name, player_pts, player_reb, player_ast, player_pra) VALUES (68, 'Cam Spencer', 11.6, 2.7, 5.6, 19.9);
INSERT INTO public.averages (id, player_name, player_pts, player_reb, player_ast, player_pra) VALUES (69, 'Cam Thomas', 16, 1.9, 3.1, 21);
INSERT INTO public.averages (id, player_name, player_pts, player_reb, player_ast, player_pra) VALUES (70, 'Cam Whitmore', 9.2, 2.8, 0.7, 12.7);
INSERT INTO public.averages (id, player_name, player_pts, player_reb, player_ast, player_pra) VALUES (71, 'Cameron Johnson', 11.7, 3.6, 2.4, 17.7);
INSERT INTO public.averages (id, player_name, player_pts, player_reb, player_ast, player_pra) VALUES (72, 'Caris LeVert', 7.9, 1.8, 2.8, 12.5);
INSERT INTO public.averages (id, player_name, player_pts, player_reb, player_ast, player_pra) VALUES (73, 'Carter Bryant', 2.6, 1.7, 0.2, 4.5);
INSERT INTO public.averages (id, player_name, player_pts, player_reb, player_ast, player_pra) VALUES (74, 'Cason Wallace', 7.8, 3.1, 2, 12.9);
INSERT INTO public.averages (id, player_name, player_pts, player_reb, player_ast, player_pra) VALUES (75, 'Cedric Coward', 13.8, 6.3, 2.9, 23);
INSERT INTO public.averages (id, player_name, player_pts, player_reb, player_ast, player_pra) VALUES (76, 'Charles Bassey', 3.5, 7.5, 1, 12);
INSERT INTO public.averages (id, player_name, player_pts, player_reb, player_ast, player_pra) VALUES (77, 'Chaz Lanier', 3.1, 0.9, 0.7, 4.7);
INSERT INTO public.averages (id, player_name, player_pts, player_reb, player_ast, player_pra) VALUES (78, 'Chet Holmgren', 17.7, 8.5, 1.6, 27.8);
INSERT INTO public.averages (id, player_name, player_pts, player_reb, player_ast, player_pra) VALUES (79, 'Chris Boucher', 2.3, 2, 0.3, 4.6);
INSERT INTO public.averages (id, player_name, player_pts, player_reb, player_ast, player_pra) VALUES (80, 'Chris Livingston', 3, 1, 0.3, 4.3);
INSERT INTO public.averages (id, player_name, player_pts, player_reb, player_ast, player_pra) VALUES (81, 'Chris Ma├▒on', 0, 0.8, 0, 0.8);
INSERT INTO public.averages (id, player_name, player_pts, player_reb, player_ast, player_pra) VALUES (82, 'Chris Paul', 2.9, 1.8, 3.3, 8);
INSERT INTO public.averages (id, player_name, player_pts, player_reb, player_ast, player_pra) VALUES (83, 'Chris Youngblood', 1.9, 0.8, 0.3, 3);
INSERT INTO public.averages (id, player_name, player_pts, player_reb, player_ast, player_pra) VALUES (84, 'Christian Braun', 9.5, 4.2, 2.5, 16.2);
INSERT INTO public.averages (id, player_name, player_pts, player_reb, player_ast, player_pra) VALUES (85, 'Christian Koloko', 2.8, 3.4, 0.7, 6.8999999999999995);
INSERT INTO public.averages (id, player_name, player_pts, player_reb, player_ast, player_pra) VALUES (86, 'Chucky Hepburn', 0, 0.5, 1, 1.5);
INSERT INTO public.averages (id, player_name, player_pts, player_reb, player_ast, player_pra) VALUES (87, 'Clint Capela', 3.8, 4.6, 0.5, 8.899999999999999);
INSERT INTO public.averages (id, player_name, player_pts, player_reb, player_ast, player_pra) VALUES (88, 'Coby White', 18.5, 3.5, 4.8, 26.8);
INSERT INTO public.averages (id, player_name, player_pts, player_reb, player_ast, player_pra) VALUES (89, 'Cody Martin', 1.8, 3.5, 0.5, 5.8);
INSERT INTO public.averages (id, player_name, player_pts, player_reb, player_ast, player_pra) VALUES (90, 'Cody Williams', 5.8, 2.1, 0.8, 8.700000000000001);
INSERT INTO public.averages (id, player_name, player_pts, player_reb, player_ast, player_pra) VALUES (91, 'Colby Jones', 2, 4, 2, 8);
INSERT INTO public.averages (id, player_name, player_pts, player_reb, player_ast, player_pra) VALUES (92, 'Cole Anthony', 6.8, 2.5, 3.4, 12.700000000000001);
INSERT INTO public.averages (id, player_name, player_pts, player_reb, player_ast, player_pra) VALUES (93, 'Collin Gillespie', 13.5, 4.1, 4.6, 22.200000000000003);
INSERT INTO public.averages (id, player_name, player_pts, player_reb, player_ast, player_pra) VALUES (94, 'Collin Murray-Boyles', 7.7, 5.1, 2.1, 14.9);
INSERT INTO public.averages (id, player_name, player_pts, player_reb, player_ast, player_pra) VALUES (95, 'Collin Sexton', 14.4, 2, 3.8, 20.2);
INSERT INTO public.averages (id, player_name, player_pts, player_reb, player_ast, player_pra) VALUES (96, 'Cooper Flagg', 19.8, 6.6, 4.1, 30.5);
INSERT INTO public.averages (id, player_name, player_pts, player_reb, player_ast, player_pra) VALUES (97, 'Corey Kispert', 9.3, 2.2, 1.6, 13.1);
INSERT INTO public.averages (id, player_name, player_pts, player_reb, player_ast, player_pra) VALUES (98, 'Craig Porter Jr.', 4.8, 3.5, 3.2, 11.5);
INSERT INTO public.averages (id, player_name, player_pts, player_reb, player_ast, player_pra) VALUES (99, 'Curtis Jones', 1.5, 0.8, 0.5, 2.8);
INSERT INTO public.averages (id, player_name, player_pts, player_reb, player_ast, player_pra) VALUES (100, 'D''Angelo Russell', 10.2, 2.3, 4, 16.5);
INSERT INTO public.averages (id, player_name, player_pts, player_reb, player_ast, player_pra) VALUES (101, 'DaRon Holmes II', 4.1, 1.7, 1.1, 6.9);
INSERT INTO public.averages (id, player_name, player_pts, player_reb, player_ast, player_pra) VALUES (102, 'Daeqwon Plowden', 1.3, 2.7, 0.3, 4.3);
INSERT INTO public.averages (id, player_name, player_pts, player_reb, player_ast, player_pra) VALUES (103, 'Dalen Terry', 3.4, 1.8, 1.3, 6.5);
INSERT INTO public.averages (id, player_name, player_pts, player_reb, player_ast, player_pra) VALUES (104, 'Dalton Knecht', 4.6, 1.5, 0.3, 6.3999999999999995);
INSERT INTO public.averages (id, player_name, player_pts, player_reb, player_ast, player_pra) VALUES (105, 'Daniel Gafford', 8, 6.4, 0.9, 15.3);
INSERT INTO public.averages (id, player_name, player_pts, player_reb, player_ast, player_pra) VALUES (106, 'Daniss Jenkins', 8, 1.8, 3.4, 13.200000000000001);
INSERT INTO public.averages (id, player_name, player_pts, player_reb, player_ast, player_pra) VALUES (107, 'Danny Wolf', 7.8, 4.5, 1.9, 14.200000000000001);
INSERT INTO public.averages (id, player_name, player_pts, player_reb, player_ast, player_pra) VALUES (108, 'Dario ┼áari─ç', 1, 1.2, 0.4, 2.6);
INSERT INTO public.averages (id, player_name, player_pts, player_reb, player_ast, player_pra) VALUES (109, 'Darius Garland', 18, 2.4, 6.9, 27.299999999999997);
INSERT INTO public.averages (id, player_name, player_pts, player_reb, player_ast, player_pra) VALUES (110, 'David Jones Garcia', 2.9, 1.2, 1.6, 5.699999999999999);
INSERT INTO public.averages (id, player_name, player_pts, player_reb, player_ast, player_pra) VALUES (111, 'Davion Mitchell', 9.1, 2.6, 7.2, 18.9);
INSERT INTO public.averages (id, player_name, player_pts, player_reb, player_ast, player_pra) VALUES (112, 'Day''Ron Sharpe', 8, 6.5, 2.2, 16.7);
INSERT INTO public.averages (id, player_name, player_pts, player_reb, player_ast, player_pra) VALUES (113, 'De''Aaron Fox', 19.8, 4.1, 6.2, 30.099999999999998);
INSERT INTO public.averages (id, player_name, player_pts, player_reb, player_ast, player_pra) VALUES (114, 'De''Andre Hunter', 14, 4.2, 2.1, 20.3);
INSERT INTO public.averages (id, player_name, player_pts, player_reb, player_ast, player_pra) VALUES (115, 'De''Anthony Melton', 11.7, 2.8, 2.1, 16.6);
INSERT INTO public.averages (id, player_name, player_pts, player_reb, player_ast, player_pra) VALUES (116, 'DeAndre Jordan', 4.5, 5, 0, 9.5);
INSERT INTO public.averages (id, player_name, player_pts, player_reb, player_ast, player_pra) VALUES (117, 'DeMar DeRozan', 19.2, 3.2, 3.9, 26.299999999999997);
INSERT INTO public.averages (id, player_name, player_pts, player_reb, player_ast, player_pra) VALUES (118, 'Dean Wade', 5.8, 4.2, 1.5, 11.5);
INSERT INTO public.averages (id, player_name, player_pts, player_reb, player_ast, player_pra) VALUES (119, 'Deandre Ayton', 13.6, 8.5, 0.9, 23);
INSERT INTO public.averages (id, player_name, player_pts, player_reb, player_ast, player_pra) VALUES (120, 'Deni Avdija', 25.5, 7.2, 6.7, 39.400000000000006);
INSERT INTO public.averages (id, player_name, player_pts, player_reb, player_ast, player_pra) VALUES (121, 'Dennis Schröder', 12.8, 3.1, 5.3, 21.2);
INSERT INTO public.averages (id, player_name, player_pts, player_reb, player_ast, player_pra) VALUES (122, 'Dereck Lively II', 4.3, 5.3, 1.9, 11.5);
INSERT INTO public.averages (id, player_name, player_pts, player_reb, player_ast, player_pra) VALUES (123, 'Derik Queen', 12.3, 7.4, 4.3, 24.000000000000004);
INSERT INTO public.averages (id, player_name, player_pts, player_reb, player_ast, player_pra) VALUES (124, 'Derrick Jones Jr.', 10.4, 2.6, 1.2, 14.2);
INSERT INTO public.averages (id, player_name, player_pts, player_reb, player_ast, player_pra) VALUES (125, 'Derrick White', 17.2, 4.6, 5.4, 27.199999999999996);
INSERT INTO public.averages (id, player_name, player_pts, player_reb, player_ast, player_pra) VALUES (126, 'Desmond Bane', 19.4, 4.4, 4.3, 28.099999999999998);
INSERT INTO public.averages (id, player_name, player_pts, player_reb, player_ast, player_pra) VALUES (127, 'Devin Booker', 25.4, 4, 6.2, 35.6);
INSERT INTO public.averages (id, player_name, player_pts, player_reb, player_ast, player_pra) VALUES (128, 'Devin Carter', 3.3, 1.5, 1.1, 5.9);
INSERT INTO public.averages (id, player_name, player_pts, player_reb, player_ast, player_pra) VALUES (129, 'Devin Vassell', 14.6, 3.8, 2.3, 20.7);
INSERT INTO public.averages (id, player_name, player_pts, player_reb, player_ast, player_pra) VALUES (130, 'Dillon Brooks', 21.1, 3.6, 1.8, 26.500000000000004);
INSERT INTO public.averages (id, player_name, player_pts, player_reb, player_ast, player_pra) VALUES (131, 'Dillon Jones', 1.5, 0, 0, 1.5);
INSERT INTO public.averages (id, player_name, player_pts, player_reb, player_ast, player_pra) VALUES (132, 'Domantas Sabonis', 15.4, 11.2, 4.2, 30.8);
INSERT INTO public.averages (id, player_name, player_pts, player_reb, player_ast, player_pra) VALUES (133, 'Dominick Barlow', 7.9, 4.8, 1.3, 14);
INSERT INTO public.averages (id, player_name, player_pts, player_reb, player_ast, player_pra) VALUES (134, 'Donovan Clingan', 11.1, 11.1, 2, 24.2);
INSERT INTO public.averages (id, player_name, player_pts, player_reb, player_ast, player_pra) VALUES (135, 'Donovan Mitchell', 28.8, 4.6, 5.8, 39.199999999999996);
INSERT INTO public.averages (id, player_name, player_pts, player_reb, player_ast, player_pra) VALUES (136, 'Donte DiVincenzo', 13.2, 4.5, 4.2, 21.9);
INSERT INTO public.averages (id, player_name, player_pts, player_reb, player_ast, player_pra) VALUES (137, 'Dorian Finney-Smith', 2.9, 2.5, 0.6, 6);
INSERT INTO public.averages (id, player_name, player_pts, player_reb, player_ast, player_pra) VALUES (138, 'Doug McDermott', 3.4, 0.6, 0.3, 4.3);
INSERT INTO public.averages (id, player_name, player_pts, player_reb, player_ast, player_pra) VALUES (139, 'Drake Powell', 6.2, 1.6, 1.6, 9.4);
INSERT INTO public.averages (id, player_name, player_pts, player_reb, player_ast, player_pra) VALUES (140, 'Draymond Green', 8.4, 5.7, 5.3, 19.400000000000002);
INSERT INTO public.averages (id, player_name, player_pts, player_reb, player_ast, player_pra) VALUES (141, 'Drew Eubanks', 5.1, 2.7, 0.3, 8.1);
INSERT INTO public.averages (id, player_name, player_pts, player_reb, player_ast, player_pra) VALUES (142, 'Drew Peterson', 0.8, 1.5, 0.3, 2.5999999999999996);
INSERT INTO public.averages (id, player_name, player_pts, player_reb, player_ast, player_pra) VALUES (143, 'Drew Timme', 3.1, 1.3, 0.9, 5.300000000000001);
INSERT INTO public.averages (id, player_name, player_pts, player_reb, player_ast, player_pra) VALUES (144, 'Dru Smith', 6.5, 2.6, 2.8, 11.899999999999999);
INSERT INTO public.averages (id, player_name, player_pts, player_reb, player_ast, player_pra) VALUES (145, 'Duncan Robinson', 11.8, 2.7, 1.8, 16.3);
INSERT INTO public.averages (id, player_name, player_pts, player_reb, player_ast, player_pra) VALUES (146, 'Duop Reath', 2.9, 1.2, 0.3, 4.3999999999999995);
INSERT INTO public.averages (id, player_name, player_pts, player_reb, player_ast, player_pra) VALUES (147, 'Dwight Powell', 3.1, 3.9, 1.1, 8.1);
INSERT INTO public.averages (id, player_name, player_pts, player_reb, player_ast, player_pra) VALUES (148, 'Dylan Cardwell', 4.7, 6.9, 1.1, 12.700000000000001);
INSERT INTO public.averages (id, player_name, player_pts, player_reb, player_ast, player_pra) VALUES (149, 'Dylan Harper', 10.7, 3.3, 3.5, 17.5);
INSERT INTO public.averages (id, player_name, player_pts, player_reb, player_ast, player_pra) VALUES (150, 'Dyson Daniels', 11.6, 6.7, 6.3, 24.6);
INSERT INTO public.averages (id, player_name, player_pts, player_reb, player_ast, player_pra) VALUES (151, 'E.J. Liddell', 2.2, 1.1, 0, 3.3000000000000003);
INSERT INTO public.averages (id, player_name, player_pts, player_reb, player_ast, player_pra) VALUES (152, 'Egor Dëmin', 10.5, 3.1, 3.4, 17);
INSERT INTO public.averages (id, player_name, player_pts, player_reb, player_ast, player_pra) VALUES (153, 'Elijah Harkless', 2.4, 0.9, 0.7, 4);
INSERT INTO public.averages (id, player_name, player_pts, player_reb, player_ast, player_pra) VALUES (154, 'Emanuel Miller', 3, 0.6, 0.8, 4.4);
INSERT INTO public.averages (id, player_name, player_pts, player_reb, player_ast, player_pra) VALUES (155, 'Eric Gordon', 5.5, 0.3, 0.5, 6.3);
INSERT INTO public.averages (id, player_name, player_pts, player_reb, player_ast, player_pra) VALUES (156, 'Ethan Thompson', 4.2, 1.8, 1.3, 7.3);
INSERT INTO public.averages (id, player_name, player_pts, player_reb, player_ast, player_pra) VALUES (157, 'Evan Mobley', 17.9, 8.8, 4, 30.7);
INSERT INTO public.averages (id, player_name, player_pts, player_reb, player_ast, player_pra) VALUES (158, 'Franz Wagner', 22.2, 6.1, 3.6, 31.9);
INSERT INTO public.averages (id, player_name, player_pts, player_reb, player_ast, player_pra) VALUES (159, 'GG Jackson', 7.9, 3.1, 1, 12);
INSERT INTO public.averages (id, player_name, player_pts, player_reb, player_ast, player_pra) VALUES (160, 'Gabe Vincent', 4.9, 0.9, 1.3, 7.1000000000000005);
INSERT INTO public.averages (id, player_name, player_pts, player_reb, player_ast, player_pra) VALUES (161, 'Garrett Temple', 0.3, 0.3, 0.3, 0.8999999999999999);
INSERT INTO public.averages (id, player_name, player_pts, player_reb, player_ast, player_pra) VALUES (162, 'Garrison Mathews', 5.2, 1.1, 0.7, 7.000000000000001);
INSERT INTO public.averages (id, player_name, player_pts, player_reb, player_ast, player_pra) VALUES (163, 'Gary Harris', 2.7, 1.5, 1.1, 5.300000000000001);
INSERT INTO public.averages (id, player_name, player_pts, player_reb, player_ast, player_pra) VALUES (164, 'Gary Payton II', 4.8, 3.1, 1.5, 9.4);
INSERT INTO public.averages (id, player_name, player_pts, player_reb, player_ast, player_pra) VALUES (165, 'Gary Trent Jr.', 8.3, 1.2, 1.5, 11);
INSERT INTO public.averages (id, player_name, player_pts, player_reb, player_ast, player_pra) VALUES (166, 'Giannis Antetokounmpo', 28, 10, 5.6, 43.6);
INSERT INTO public.averages (id, player_name, player_pts, player_reb, player_ast, player_pra) VALUES (167, 'Goga Bitadze', 5.9, 5.1, 1.2, 12.2);
INSERT INTO public.averages (id, player_name, player_pts, player_reb, player_ast, player_pra) VALUES (168, 'Gradey Dick', 6.5, 2.2, 0.7, 9.399999999999999);
INSERT INTO public.averages (id, player_name, player_pts, player_reb, player_ast, player_pra) VALUES (169, 'Grant Williams', 4.7, 3.4, 1.1, 9.2);
INSERT INTO public.averages (id, player_name, player_pts, player_reb, player_ast, player_pra) VALUES (170, 'Grayson Allen', 16.7, 3, 4, 23.7);
INSERT INTO public.averages (id, player_name, player_pts, player_reb, player_ast, player_pra) VALUES (171, 'Guerschon Yabusele', 2.7, 2.1, 0.4, 5.200000000000001);
INSERT INTO public.averages (id, player_name, player_pts, player_reb, player_ast, player_pra) VALUES (172, 'Gui Santos', 4.6, 2.6, 1.1, 8.299999999999999);
INSERT INTO public.averages (id, player_name, player_pts, player_reb, player_ast, player_pra) VALUES (173, 'Harrison Barnes', 10.5, 2.9, 2.1, 15.5);
INSERT INTO public.averages (id, player_name, player_pts, player_reb, player_ast, player_pra) VALUES (174, 'Harrison Ingram', 1.8, 0.8, 0, 2.6);
INSERT INTO public.averages (id, player_name, player_pts, player_reb, player_ast, player_pra) VALUES (175, 'Herbert Jones', 9.2, 3.5, 2.5, 15.2);
INSERT INTO public.averages (id, player_name, player_pts, player_reb, player_ast, player_pra) VALUES (176, 'Hugo Gonz├ílez', 4, 3.4, 0.6, 8);
INSERT INTO public.averages (id, player_name, player_pts, player_reb, player_ast, player_pra) VALUES (177, 'Hunter Dickinson', 2, 0, 0, 2);
INSERT INTO public.averages (id, player_name, player_pts, player_reb, player_ast, player_pra) VALUES (178, 'Hunter Sallis', 1, 0.1, 0.6, 1.7000000000000002);
INSERT INTO public.averages (id, player_name, player_pts, player_reb, player_ast, player_pra) VALUES (179, 'Hunter Tyson', 2.2, 1.7, 0.8, 4.7);
INSERT INTO public.averages (id, player_name, player_pts, player_reb, player_ast, player_pra) VALUES (180, 'Immanuel Quickley', 16.8, 4.5, 6.1, 27.4);
INSERT INTO public.averages (id, player_name, player_pts, player_reb, player_ast, player_pra) VALUES (181, 'Isaac Jones', 1.3, 0.5, 0.3, 2.1);
INSERT INTO public.averages (id, player_name, player_pts, player_reb, player_ast, player_pra) VALUES (182, 'Isaac Okoro', 8.7, 2.7, 1.5, 12.899999999999999);
INSERT INTO public.averages (id, player_name, player_pts, player_reb, player_ast, player_pra) VALUES (183, 'Isaiah Collier', 9.5, 2.5, 6.7, 18.7);
INSERT INTO public.averages (id, player_name, player_pts, player_reb, player_ast, player_pra) VALUES (184, 'Isaiah Crawford', 0, 0, 0, 0);
INSERT INTO public.averages (id, player_name, player_pts, player_reb, player_ast, player_pra) VALUES (185, 'Isaiah Hartenstein', 10.9, 10, 2.8, 23.7);
INSERT INTO public.averages (id, player_name, player_pts, player_reb, player_ast, player_pra) VALUES (186, 'Isaiah Jackson', 6.3, 5.4, 0.7, 12.399999999999999);
INSERT INTO public.averages (id, player_name, player_pts, player_reb, player_ast, player_pra) VALUES (187, 'Isaiah Joe', 9.6, 2.5, 1.4, 13.5);
INSERT INTO public.averages (id, player_name, player_pts, player_reb, player_ast, player_pra) VALUES (188, 'Isaiah Livers', 2.3, 2, 0.7, 5);
INSERT INTO public.averages (id, player_name, player_pts, player_reb, player_ast, player_pra) VALUES (189, 'Isaiah Stevens', 2, 1, 3, 6);
INSERT INTO public.averages (id, player_name, player_pts, player_reb, player_ast, player_pra) VALUES (190, 'Isaiah Stewart', 10.2, 5.4, 1.2, 16.8);
INSERT INTO public.averages (id, player_name, player_pts, player_reb, player_ast, player_pra) VALUES (191, 'Ivica Zubac', 14.5, 11, 2.2, 27.7);
INSERT INTO public.averages (id, player_name, player_pts, player_reb, player_ast, player_pra) VALUES (192, 'JD Davison', 1.9, 0.7, 1, 3.5999999999999996);
INSERT INTO public.averages (id, player_name, player_pts, player_reb, player_ast, player_pra) VALUES (193, 'Ja Morant', 19.5, 3.3, 8.1, 30.9);
INSERT INTO public.averages (id, player_name, player_pts, player_reb, player_ast, player_pra) VALUES (194, 'Ja''Kobe Walter', 6.2, 2.1, 0.9, 9.200000000000001);
INSERT INTO public.averages (id, player_name, player_pts, player_reb, player_ast, player_pra) VALUES (195, 'Jabari Smith Jr.', 15, 7, 1.9, 23.9);
INSERT INTO public.averages (id, player_name, player_pts, player_reb, player_ast, player_pra) VALUES (196, 'Jabari Walker', 3.8, 3.2, 0.5, 7.5);
INSERT INTO public.averages (id, player_name, player_pts, player_reb, player_ast, player_pra) VALUES (197, 'Jacob Toppin', 1.6, 0.2, 0.2, 2);
INSERT INTO public.averages (id, player_name, player_pts, player_reb, player_ast, player_pra) VALUES (198, 'Jaden Hardy', 6.8, 1.4, 0.9, 9.1);
INSERT INTO public.averages (id, player_name, player_pts, player_reb, player_ast, player_pra) VALUES (199, 'Jaden Ivey', 8.2, 2.2, 1.6, 11.999999999999998);
INSERT INTO public.averages (id, player_name, player_pts, player_reb, player_ast, player_pra) VALUES (200, 'Jaden McDaniels', 14.9, 4.4, 2.9, 22.2);
INSERT INTO public.averages (id, player_name, player_pts, player_reb, player_ast, player_pra) VALUES (201, 'Jae''Sean Tate', 2.5, 1.5, 0.5, 4.5);
INSERT INTO public.averages (id, player_name, player_pts, player_reb, player_ast, player_pra) VALUES (202, 'Jahmai Mashack', 0.9, 0.7, 0.3, 1.9000000000000001);
INSERT INTO public.averages (id, player_name, player_pts, player_reb, player_ast, player_pra) VALUES (203, 'Jahmir Young', 2, 0.5, 1, 3.5);
INSERT INTO public.averages (id, player_name, player_pts, player_reb, player_ast, player_pra) VALUES (204, 'Jahmyl Telfort', 0.1, 0.4, 0.1, 0.6);
INSERT INTO public.averages (id, player_name, player_pts, player_reb, player_ast, player_pra) VALUES (205, 'Jaime Jaquez Jr.', 15.4, 5.3, 4.7, 25.4);
INSERT INTO public.averages (id, player_name, player_pts, player_reb, player_ast, player_pra) VALUES (206, 'Jake LaRavia', 9.2, 4.2, 2, 15.399999999999999);
INSERT INTO public.averages (id, player_name, player_pts, player_reb, player_ast, player_pra) VALUES (207, 'Jakob Poeltl', 9.7, 7.7, 2.1, 19.5);
INSERT INTO public.averages (id, player_name, player_pts, player_reb, player_ast, player_pra) VALUES (208, 'Jalen Brunson', 27.2, 3.2, 6.1, 36.5);
INSERT INTO public.averages (id, player_name, player_pts, player_reb, player_ast, player_pra) VALUES (209, 'Jalen Duren', 18, 10.7, 1.8, 30.5);
INSERT INTO public.averages (id, player_name, player_pts, player_reb, player_ast, player_pra) VALUES (210, 'Jalen Green', 11.6, 2.2, 1.8, 15.600000000000001);
INSERT INTO public.averages (id, player_name, player_pts, player_reb, player_ast, player_pra) VALUES (211, 'Jalen Johnson', 23.1, 10.5, 8, 41.6);
INSERT INTO public.averages (id, player_name, player_pts, player_reb, player_ast, player_pra) VALUES (212, 'Jalen Pickett', 5.9, 2.9, 2.8, 11.600000000000001);
INSERT INTO public.averages (id, player_name, player_pts, player_reb, player_ast, player_pra) VALUES (213, 'Jalen Smith', 10, 6.9, 1.3, 18.2);
INSERT INTO public.averages (id, player_name, player_pts, player_reb, player_ast, player_pra) VALUES (214, 'Jalen Suggs', 14.1, 3.8, 5, 22.9);
INSERT INTO public.averages (id, player_name, player_pts, player_reb, player_ast, player_pra) VALUES (215, 'Jalen Williams', 16.8, 4.8, 5.6, 27.200000000000003);
INSERT INTO public.averages (id, player_name, player_pts, player_reb, player_ast, player_pra) VALUES (216, 'Jalen Wilson', 5.5, 1.5, 0.6, 7.6);
INSERT INTO public.averages (id, player_name, player_pts, player_reb, player_ast, player_pra) VALUES (217, 'Jamal Cain', 2.7, 0.7, 0.3, 3.7);
INSERT INTO public.averages (id, player_name, player_pts, player_reb, player_ast, player_pra) VALUES (218, 'Jamal Murray', 25.5, 4.4, 7.5, 37.4);
INSERT INTO public.averages (id, player_name, player_pts, player_reb, player_ast, player_pra) VALUES (219, 'Jamal Shead', 7, 1.9, 5.5, 14.4);
INSERT INTO public.averages (id, player_name, player_pts, player_reb, player_ast, player_pra) VALUES (220, 'Jamaree Bouyea', 7.3, 2, 1.7, 11);
INSERT INTO public.averages (id, player_name, player_pts, player_reb, player_ast, player_pra) VALUES (221, 'James Harden', 25.4, 4.8, 8.1, 38.3);
INSERT INTO public.averages (id, player_name, player_pts, player_reb, player_ast, player_pra) VALUES (222, 'James Wiseman', 3.3, 2, 0.8, 6.1);
INSERT INTO public.averages (id, player_name, player_pts, player_reb, player_ast, player_pra) VALUES (223, 'Jamir Watkins', 3.8, 3.6, 0.7, 8.1);
INSERT INTO public.averages (id, player_name, player_pts, player_reb, player_ast, player_pra) VALUES (224, 'Jamison Battle', 3.3, 1.4, 0.4, 5.1);
INSERT INTO public.averages (id, player_name, player_pts, player_reb, player_ast, player_pra) VALUES (225, 'Jarace Walker', 9.8, 4.3, 2, 16.1);
INSERT INTO public.averages (id, player_name, player_pts, player_reb, player_ast, player_pra) VALUES (226, 'Jared McCain', 6.8, 2.1, 1.6, 10.5);
INSERT INTO public.averages (id, player_name, player_pts, player_reb, player_ast, player_pra) VALUES (227, 'Jaren Jackson Jr.', 19, 5.8, 1.9, 26.7);
INSERT INTO public.averages (id, player_name, player_pts, player_reb, player_ast, player_pra) VALUES (228, 'Jarred Vanderbilt', 4.9, 5, 1.3, 11.200000000000001);
INSERT INTO public.averages (id, player_name, player_pts, player_reb, player_ast, player_pra) VALUES (229, 'Jarrett Allen', 14, 8, 2, 24);
INSERT INTO public.averages (id, player_name, player_pts, player_reb, player_ast, player_pra) VALUES (230, 'Jase Richardson', 5.4, 1.4, 1.2, 8);
INSERT INTO public.averages (id, player_name, player_pts, player_reb, player_ast, player_pra) VALUES (231, 'Javon Small', 4.6, 1.5, 3.4, 9.5);
INSERT INTO public.averages (id, player_name, player_pts, player_reb, player_ast, player_pra) VALUES (232, 'Javonte Cooke', 1.8, 0.8, 0.6, 3.2);
INSERT INTO public.averages (id, player_name, player_pts, player_reb, player_ast, player_pra) VALUES (233, 'Javonte Green', 7.1, 2.8, 0.7, 10.599999999999998);
INSERT INTO public.averages (id, player_name, player_pts, player_reb, player_ast, player_pra) VALUES (234, 'Jaxson Hayes', 6.4, 3.9, 0.8, 11.100000000000001);
INSERT INTO public.averages (id, player_name, player_pts, player_reb, player_ast, player_pra) VALUES (235, 'Jay Huff', 8.5, 3.8, 1.2, 13.5);
INSERT INTO public.averages (id, player_name, player_pts, player_reb, player_ast, player_pra) VALUES (236, 'Jaylen Brown', 29.4, 6.9, 4.8, 41.099999999999994);
INSERT INTO public.averages (id, player_name, player_pts, player_reb, player_ast, player_pra) VALUES (237, 'Jaylen Clark', 4, 2, 0.6, 6.6);
INSERT INTO public.averages (id, player_name, player_pts, player_reb, player_ast, player_pra) VALUES (238, 'Jaylen Wells', 11.8, 3.6, 1.7, 17.1);
INSERT INTO public.averages (id, player_name, player_pts, player_reb, player_ast, player_pra) VALUES (239, 'Jaylin Williams', 5.6, 4.7, 2.5, 12.8);
INSERT INTO public.averages (id, player_name, player_pts, player_reb, player_ast, player_pra) VALUES (240, 'Jaylon Tyson', 14, 5.5, 2.4, 21.9);
INSERT INTO public.averages (id, player_name, player_pts, player_reb, player_ast, player_pra) VALUES (241, 'Jeff Green', 2, 0.5, 0.1, 2.6);
INSERT INTO public.averages (id, player_name, player_pts, player_reb, player_ast, player_pra) VALUES (242, 'Jerami Grant', 18.6, 3.6, 2.4, 24.6);
INSERT INTO public.averages (id, player_name, player_pts, player_reb, player_ast, player_pra) VALUES (243, 'Jeremiah Fears', 13.4, 3.7, 3, 20.1);
INSERT INTO public.averages (id, player_name, player_pts, player_reb, player_ast, player_pra) VALUES (244, 'Jeremiah Robinson-Earl', 4.6, 4.7, 0.7, 10);
INSERT INTO public.averages (id, player_name, player_pts, player_reb, player_ast, player_pra) VALUES (245, 'Jeremy Sochan', 4.2, 2.7, 1, 7.9);
INSERT INTO public.averages (id, player_name, player_pts, player_reb, player_ast, player_pra) VALUES (246, 'Jericho Sims', 2.8, 3.5, 0.6, 6.8999999999999995);
INSERT INTO public.averages (id, player_name, player_pts, player_reb, player_ast, player_pra) VALUES (247, 'Jett Howard', 4.8, 1.4, 0.8, 6.999999999999999);
INSERT INTO public.averages (id, player_name, player_pts, player_reb, player_ast, player_pra) VALUES (248, 'Jevon Carter', 5.4, 1.1, 0.8, 7.3);
INSERT INTO public.averages (id, player_name, player_pts, player_reb, player_ast, player_pra) VALUES (249, 'Jimmy Butler III', 20, 5.6, 4.9, 30.5);
INSERT INTO public.averages (id, player_name, player_pts, player_reb, player_ast, player_pra) VALUES (250, 'Joan Beringer', 3.1, 2.1, 0.3, 5.5);
INSERT INTO public.averages (id, player_name, player_pts, player_reb, player_ast, player_pra) VALUES (251, 'Jock Landale', 11.5, 6.5, 1.7, 19.7);
INSERT INTO public.averages (id, player_name, player_pts, player_reb, player_ast, player_pra) VALUES (252, 'Joe Ingles', 0.6, 0.3, 0.8, 1.7);
INSERT INTO public.averages (id, player_name, player_pts, player_reb, player_ast, player_pra) VALUES (253, 'Joel Embiid', 26.2, 7.5, 3.9, 37.6);
INSERT INTO public.averages (id, player_name, player_pts, player_reb, player_ast, player_pra) VALUES (254, 'John Collins', 13.5, 4.9, 0.9, 19.299999999999997);
INSERT INTO public.averages (id, player_name, player_pts, player_reb, player_ast, player_pra) VALUES (255, 'John Konchar', 3.2, 3.1, 1.3, 7.6000000000000005);
INSERT INTO public.averages (id, player_name, player_pts, player_reb, player_ast, player_pra) VALUES (256, 'Johni Broome', 1.3, 1.6, 0.5, 3.4000000000000004);
INSERT INTO public.averages (id, player_name, player_pts, player_reb, player_ast, player_pra) VALUES (257, 'Johnny Furphy', 5.1, 4.3, 0.9, 10.299999999999999);
INSERT INTO public.averages (id, player_name, player_pts, player_reb, player_ast, player_pra) VALUES (258, 'Johnny Juzang', 2.1, 0.8, 0.3, 3.2);
INSERT INTO public.averages (id, player_name, player_pts, player_reb, player_ast, player_pra) VALUES (259, 'Jonas Valan─ìi┼½nas', 9.2, 5.2, 1.3, 15.7);
INSERT INTO public.averages (id, player_name, player_pts, player_reb, player_ast, player_pra) VALUES (260, 'Jonathan Isaac', 3, 2.7, 0.4, 6.1000000000000005);
INSERT INTO public.averages (id, player_name, player_pts, player_reb, player_ast, player_pra) VALUES (261, 'Jonathan Kuminga', 12.1, 5.9, 2.5, 20.5);
INSERT INTO public.averages (id, player_name, player_pts, player_reb, player_ast, player_pra) VALUES (262, 'Jonathan Mogbo', 1.4, 1.8, 0.5, 3.7);
INSERT INTO public.averages (id, player_name, player_pts, player_reb, player_ast, player_pra) VALUES (263, 'Jordan Clarkson', 9.3, 1.8, 1.3, 12.400000000000002);
INSERT INTO public.averages (id, player_name, player_pts, player_reb, player_ast, player_pra) VALUES (264, 'Jordan Goodwin', 8.6, 4.8, 2.3, 15.7);
INSERT INTO public.averages (id, player_name, player_pts, player_reb, player_ast, player_pra) VALUES (265, 'Jordan Hawkins', 4.3, 1.8, 0.7, 6.8);
INSERT INTO public.averages (id, player_name, player_pts, player_reb, player_ast, player_pra) VALUES (266, 'Jordan McLaughlin', 2, 0.7, 0.8, 3.5);
INSERT INTO public.averages (id, player_name, player_pts, player_reb, player_ast, player_pra) VALUES (267, 'Jordan Miller', 9.1, 3.2, 1.5, 13.8);
INSERT INTO public.averages (id, player_name, player_pts, player_reb, player_ast, player_pra) VALUES (268, 'Jordan Poole', 14.5, 1.8, 3.1, 19.400000000000002);
INSERT INTO public.averages (id, player_name, player_pts, player_reb, player_ast, player_pra) VALUES (269, 'Jordan Walsh', 5.7, 4.4, 0.9, 11.000000000000002);
INSERT INTO public.averages (id, player_name, player_pts, player_reb, player_ast, player_pra) VALUES (270, 'Jose Alvarado', 8, 2.8, 3.2, 14);
INSERT INTO public.averages (id, player_name, player_pts, player_reb, player_ast, player_pra) VALUES (271, 'Josh Giddey', 18.6, 8.6, 8.8, 36);
INSERT INTO public.averages (id, player_name, player_pts, player_reb, player_ast, player_pra) VALUES (272, 'Josh Green', 4.3, 2, 1.1, 7.4);
INSERT INTO public.averages (id, player_name, player_pts, player_reb, player_ast, player_pra) VALUES (273, 'Josh Hart', 12.5, 7.6, 5.1, 25.200000000000003);
INSERT INTO public.averages (id, player_name, player_pts, player_reb, player_ast, player_pra) VALUES (274, 'Josh Minott', 6, 3.6, 1, 10.6);
INSERT INTO public.averages (id, player_name, player_pts, player_reb, player_ast, player_pra) VALUES (275, 'Josh Okogie', 5.6, 3, 1, 9.6);
INSERT INTO public.averages (id, player_name, player_pts, player_reb, player_ast, player_pra) VALUES (276, 'Jrue Holiday', 14.3, 4.5, 6.7, 25.5);
INSERT INTO public.averages (id, player_name, player_pts, player_reb, player_ast, player_pra) VALUES (277, 'Julian Champagnie', 11.6, 6.1, 1.4, 19.099999999999998);
INSERT INTO public.averages (id, player_name, player_pts, player_reb, player_ast, player_pra) VALUES (278, 'Julian Phillips', 2.8, 1.3, 0.2, 4.3);
INSERT INTO public.averages (id, player_name, player_pts, player_reb, player_ast, player_pra) VALUES (279, 'Julian Strawther', 4.7, 1.6, 1, 7.300000000000001);
INSERT INTO public.averages (id, player_name, player_pts, player_reb, player_ast, player_pra) VALUES (280, 'Julius Randle', 22.3, 6.9, 5.4, 34.6);
INSERT INTO public.averages (id, player_name, player_pts, player_reb, player_ast, player_pra) VALUES (281, 'Justin Champagnie', 7.3, 5.6, 1.1, 13.999999999999998);
INSERT INTO public.averages (id, player_name, player_pts, player_reb, player_ast, player_pra) VALUES (282, 'Justin Edwards', 4.8, 1.5, 1.1, 7.4);
INSERT INTO public.averages (id, player_name, player_pts, player_reb, player_ast, player_pra) VALUES (283, 'Jusuf Nurkić', 11.2, 10.2, 4.9, 26.299999999999997);
INSERT INTO public.averages (id, player_name, player_pts, player_reb, player_ast, player_pra) VALUES (284, 'KJ Simpson', 6, 2.1, 2.5, 10.6);
INSERT INTO public.averages (id, player_name, player_pts, player_reb, player_ast, player_pra) VALUES (285, 'Kam Jones', 1.6, 0.7, 0.8, 3.0999999999999996);
INSERT INTO public.averages (id, player_name, player_pts, player_reb, player_ast, player_pra) VALUES (286, 'Karl-Anthony Towns', 19.8, 11.8, 2.9, 34.5);
INSERT INTO public.averages (id, player_name, player_pts, player_reb, player_ast, player_pra) VALUES (287, 'Karlo Matkovi─ç', 4.9, 3.2, 0.7, 8.8);
INSERT INTO public.averages (id, player_name, player_pts, player_reb, player_ast, player_pra) VALUES (288, 'Kasparas Jaku─ìionis', 4.2, 2.3, 2.3, 8.8);
INSERT INTO public.averages (id, player_name, player_pts, player_reb, player_ast, player_pra) VALUES (289, 'Kawhi Leonard', 27.6, 6.2, 3.6, 37.400000000000006);
INSERT INTO public.averages (id, player_name, player_pts, player_reb, player_ast, player_pra) VALUES (290, 'Keaton Wallace', 3.9, 1.2, 2.1, 7.199999999999999);
INSERT INTO public.averages (id, player_name, player_pts, player_reb, player_ast, player_pra) VALUES (291, 'Keegan Murray', 14.6, 6.1, 1.5, 22.2);
INSERT INTO public.averages (id, player_name, player_pts, player_reb, player_ast, player_pra) VALUES (292, 'Kel''el Ware', 11.4, 9.3, 0.6, 21.300000000000004);
INSERT INTO public.averages (id, player_name, player_pts, player_reb, player_ast, player_pra) VALUES (293, 'Keldon Johnson', 13.4, 6, 1.4, 20.799999999999997);
INSERT INTO public.averages (id, player_name, player_pts, player_reb, player_ast, player_pra) VALUES (294, 'Kelly Olynyk', 3.5, 1.9, 1.3, 6.7);
INSERT INTO public.averages (id, player_name, player_pts, player_reb, player_ast, player_pra) VALUES (295, 'Kelly Oubre Jr.', 14.2, 4.7, 1.4, 20.299999999999997);
INSERT INTO public.averages (id, player_name, player_pts, player_reb, player_ast, player_pra) VALUES (296, 'Kenrich Williams', 6.3, 3.1, 1.6, 11);
INSERT INTO public.averages (id, player_name, player_pts, player_reb, player_ast, player_pra) VALUES (297, 'Kentavious Caldwell-Pope', 8.2, 2.4, 2.8, 13.399999999999999);
INSERT INTO public.averages (id, player_name, player_pts, player_reb, player_ast, player_pra) VALUES (298, 'Keon Ellis', 5.6, 1.3, 0.6, 7.499999999999999);
INSERT INTO public.averages (id, player_name, player_pts, player_reb, player_ast, player_pra) VALUES (299, 'Keshad Johnson', 3.3, 2, 0.1, 5.3999999999999995);
INSERT INTO public.averages (id, player_name, player_pts, player_reb, player_ast, player_pra) VALUES (300, 'Kevin Durant', 26.2, 5.4, 4.6, 36.2);
INSERT INTO public.averages (id, player_name, player_pts, player_reb, player_ast, player_pra) VALUES (301, 'Kevin Huerter', 10.9, 3.8, 2.6, 17.3);
INSERT INTO public.averages (id, player_name, player_pts, player_reb, player_ast, player_pra) VALUES (302, 'Kevin Love', 6.8, 5.8, 1.8, 14.4);
INSERT INTO public.averages (id, player_name, player_pts, player_reb, player_ast, player_pra) VALUES (303, 'Kevin McCullar Jr.', 2.3, 1.7, 1.3, 5.3);
INSERT INTO public.averages (id, player_name, player_pts, player_reb, player_ast, player_pra) VALUES (304, 'Kevin Porter Jr.', 16.8, 5, 7.4, 29.200000000000003);
INSERT INTO public.averages (id, player_name, player_pts, player_reb, player_ast, player_pra) VALUES (305, 'Kevon Looney', 2.7, 5.1, 1.5, 9.3);
INSERT INTO public.averages (id, player_name, player_pts, player_reb, player_ast, player_pra) VALUES (306, 'Keyonte George', 24.2, 4, 6.6, 34.8);
INSERT INTO public.averages (id, player_name, player_pts, player_reb, player_ast, player_pra) VALUES (307, 'Khaman Maluach', 1.1, 0.9, 0.1, 2.1);
INSERT INTO public.averages (id, player_name, player_pts, player_reb, player_ast, player_pra) VALUES (308, 'Khris Middleton', 10.3, 4, 3.3, 17.6);
INSERT INTO public.averages (id, player_name, player_pts, player_reb, player_ast, player_pra) VALUES (309, 'Klay Thompson', 11.8, 2.5, 1.4, 15.700000000000001);
INSERT INTO public.averages (id, player_name, player_pts, player_reb, player_ast, player_pra) VALUES (310, 'Kobe Brown', 2.8, 1.6, 0.8, 5.2);
INSERT INTO public.averages (id, player_name, player_pts, player_reb, player_ast, player_pra) VALUES (311, 'Kobe Bufkin', 3, 1.3, 0.5, 4.8);
INSERT INTO public.averages (id, player_name, player_pts, player_reb, player_ast, player_pra) VALUES (312, 'Kobe Sanders', 7, 2.5, 1.6, 11.1);
INSERT INTO public.averages (id, player_name, player_pts, player_reb, player_ast, player_pra) VALUES (313, 'Koby Brea', 2, 0.5, 1, 3.5);
INSERT INTO public.averages (id, player_name, player_pts, player_reb, player_ast, player_pra) VALUES (314, 'Kon Knueppel', 18.8, 5.4, 3.6, 27.800000000000004);
INSERT INTO public.averages (id, player_name, player_pts, player_reb, player_ast, player_pra) VALUES (315, 'Kris Dunn', 7.9, 2.9, 3.1, 13.9);
INSERT INTO public.averages (id, player_name, player_pts, player_reb, player_ast, player_pra) VALUES (316, 'Kris Murray', 6.1, 4, 1.2, 11.299999999999999);
INSERT INTO public.averages (id, player_name, player_pts, player_reb, player_ast, player_pra) VALUES (317, 'Kristaps Porziņģis', 17.1, 5.1, 2.7, 24.900000000000002);
INSERT INTO public.averages (id, player_name, player_pts, player_reb, player_ast, player_pra) VALUES (318, 'Kyle Anderson', 7.1, 3.3, 3.1, 13.499999999999998);
INSERT INTO public.averages (id, player_name, player_pts, player_reb, player_ast, player_pra) VALUES (319, 'Kyle Filipowski', 9.4, 6.2, 2, 17.6);
INSERT INTO public.averages (id, player_name, player_pts, player_reb, player_ast, player_pra) VALUES (320, 'Kyle Kuzma', 12.8, 4.8, 2.4, 20);
INSERT INTO public.averages (id, player_name, player_pts, player_reb, player_ast, player_pra) VALUES (321, 'Kyle Lowry', 1, 0.5, 1.2, 2.7);
INSERT INTO public.averages (id, player_name, player_pts, player_reb, player_ast, player_pra) VALUES (322, 'Kyshawn George', 15.5, 5.7, 5, 26.2);
INSERT INTO public.averages (id, player_name, player_pts, player_reb, player_ast, player_pra) VALUES (323, 'LJ Cryer', 2, 0.3, 0, 2.3);
INSERT INTO public.averages (id, player_name, player_pts, player_reb, player_ast, player_pra) VALUES (324, 'LaMelo Ball', 19, 4.8, 7.6, 31.4);
INSERT INTO public.averages (id, player_name, player_pts, player_reb, player_ast, player_pra) VALUES (325, 'Lachlan Olbrich', 1.2, 2.2, 0.8, 4.2);
INSERT INTO public.averages (id, player_name, player_pts, player_reb, player_ast, player_pra) VALUES (326, 'Landry Shamet', 9.3, 1.9, 1.3, 12.500000000000002);
INSERT INTO public.averages (id, player_name, player_pts, player_reb, player_ast, player_pra) VALUES (327, 'Larry Nance Jr.', 3.4, 2.7, 1, 7.1);
INSERT INTO public.averages (id, player_name, player_pts, player_reb, player_ast, player_pra) VALUES (328, 'Lauri Markkanen', 27.4, 7.1, 2.2, 36.7);
INSERT INTO public.averages (id, player_name, player_pts, player_reb, player_ast, player_pra) VALUES (329, 'LeBron James', 21.9, 5.8, 6.6, 34.3);
INSERT INTO public.averages (id, player_name, player_pts, player_reb, player_ast, player_pra) VALUES (330, 'Leonard Miller', 2.3, 1.3, 0.3, 3.8999999999999995);
INSERT INTO public.averages (id, player_name, player_pts, player_reb, player_ast, player_pra) VALUES (331, 'Liam McNeeley', 4.1, 2.1, 0.8, 6.999999999999999);
INSERT INTO public.averages (id, player_name, player_pts, player_reb, player_ast, player_pra) VALUES (332, 'Lindy Waters III', 1.9, 0.8, 0.4, 3.1);
INSERT INTO public.averages (id, player_name, player_pts, player_reb, player_ast, player_pra) VALUES (333, 'Lonzo Ball', 4.6, 4, 3.9, 12.5);
INSERT INTO public.averages (id, player_name, player_pts, player_reb, player_ast, player_pra) VALUES (334, 'Luguentz Dort', 8.6, 3.9, 1.2, 13.7);
INSERT INTO public.averages (id, player_name, player_pts, player_reb, player_ast, player_pra) VALUES (335, 'Luka Dončić', 33.6, 8, 8.8, 50.400000000000006);
INSERT INTO public.averages (id, player_name, player_pts, player_reb, player_ast, player_pra) VALUES (336, 'Luka Garza', 7.7, 4.3, 1.1, 13.1);
INSERT INTO public.averages (id, player_name, player_pts, player_reb, player_ast, player_pra) VALUES (337, 'Luke Kennard', 7.8, 2.1, 2.1, 12);
INSERT INTO public.averages (id, player_name, player_pts, player_reb, player_ast, player_pra) VALUES (338, 'Luke Kornet', 7.6, 6.7, 2, 16.3);
INSERT INTO public.averages (id, player_name, player_pts, player_reb, player_ast, player_pra) VALUES (339, 'Luke Travers', 2.3, 2, 0.8, 5.1);
INSERT INTO public.averages (id, player_name, player_pts, player_reb, player_ast, player_pra) VALUES (340, 'Mac McClung', 6.3, 1.3, 0.3, 7.8999999999999995);
INSERT INTO public.averages (id, player_name, player_pts, player_reb, player_ast, player_pra) VALUES (341, 'Malaki Branham', 4.6, 1.6, 0.8, 6.999999999999999);
INSERT INTO public.averages (id, player_name, player_pts, player_reb, player_ast, player_pra) VALUES (342, 'Malevy Leons', 1.5, 2, 0.3, 3.8);
INSERT INTO public.averages (id, player_name, player_pts, player_reb, player_ast, player_pra) VALUES (343, 'Malik Monk', 12.2, 2.1, 2.5, 16.799999999999997);
INSERT INTO public.averages (id, player_name, player_pts, player_reb, player_ast, player_pra) VALUES (344, 'Marcus Sasser', 5.9, 0.9, 1.9, 8.700000000000001);
INSERT INTO public.averages (id, player_name, player_pts, player_reb, player_ast, player_pra) VALUES (345, 'Marcus Smart', 9.7, 3, 2.8, 15.5);
INSERT INTO public.averages (id, player_name, player_pts, player_reb, player_ast, player_pra) VALUES (346, 'Mark Sears', 3.1, 0.3, 0.3, 3.6999999999999997);
INSERT INTO public.averages (id, player_name, player_pts, player_reb, player_ast, player_pra) VALUES (347, 'Mark Williams', 12, 8, 1.1, 21.1);
INSERT INTO public.averages (id, player_name, player_pts, player_reb, player_ast, player_pra) VALUES (348, 'Marvin Bagley III', 10.1, 5.7, 1.5, 17.3);
INSERT INTO public.averages (id, player_name, player_pts, player_reb, player_ast, player_pra) VALUES (349, 'Mason Plumlee', 1.9, 2.9, 1.1, 5.9);
INSERT INTO public.averages (id, player_name, player_pts, player_reb, player_ast, player_pra) VALUES (350, 'Matas Buzelis', 14.8, 5.4, 2, 22.200000000000003);
INSERT INTO public.averages (id, player_name, player_pts, player_reb, player_ast, player_pra) VALUES (351, 'Matisse Thybulle', 5, 1, 0.8, 6.8);
INSERT INTO public.averages (id, player_name, player_pts, player_reb, player_ast, player_pra) VALUES (352, 'Max Christie', 13.2, 3.4, 2.2, 18.799999999999997);
INSERT INTO public.averages (id, player_name, player_pts, player_reb, player_ast, player_pra) VALUES (353, 'Maxi Kleber', 2, 1.8, 0.7, 4.5);
INSERT INTO public.averages (id, player_name, player_pts, player_reb, player_ast, player_pra) VALUES (354, 'Maxime Raynaud', 9.6, 6.5, 1, 17.1);
INSERT INTO public.averages (id, player_name, player_pts, player_reb, player_ast, player_pra) VALUES (355, 'Micah Peavy', 4.6, 2.1, 1.1, 7.799999999999999);
INSERT INTO public.averages (id, player_name, player_pts, player_reb, player_ast, player_pra) VALUES (356, 'Micah Potter', 6.8, 3.9, 1.4, 12.1);
INSERT INTO public.averages (id, player_name, player_pts, player_reb, player_ast, player_pra) VALUES (357, 'Michael Porter Jr.', 25.6, 7.3, 3.2, 36.1);
INSERT INTO public.averages (id, player_name, player_pts, player_reb, player_ast, player_pra) VALUES (358, 'Mikal Bridges', 15.7, 4.2, 4.1, 24);
INSERT INTO public.averages (id, player_name, player_pts, player_reb, player_ast, player_pra) VALUES (359, 'Mike Conley', 4.5, 1.8, 2.9, 9.2);
INSERT INTO public.averages (id, player_name, player_pts, player_reb, player_ast, player_pra) VALUES (360, 'Miles Bridges', 18.4, 6.2, 3.5, 28.099999999999998);
INSERT INTO public.averages (id, player_name, player_pts, player_reb, player_ast, player_pra) VALUES (361, 'Miles Kelly', 2.9, 1.4, 0.6, 4.8999999999999995);
INSERT INTO public.averages (id, player_name, player_pts, player_reb, player_ast, player_pra) VALUES (362, 'Miles McBride', 12.9, 2.6, 2.8, 18.3);
INSERT INTO public.averages (id, player_name, player_pts, player_reb, player_ast, player_pra) VALUES (363, 'Mitchell Robinson', 4.7, 9.1, 1, 14.8);
INSERT INTO public.averages (id, player_name, player_pts, player_reb, player_ast, player_pra) VALUES (364, 'Mo Bamba', 0, 1, 0, 1);
INSERT INTO public.averages (id, player_name, player_pts, player_reb, player_ast, player_pra) VALUES (365, 'Mohamed Diawara', 2.1, 1, 0.5, 3.6);
INSERT INTO public.averages (id, player_name, player_pts, player_reb, player_ast, player_pra) VALUES (366, 'Monte Morris', 3, 1.2, 1.5, 5.7);
INSERT INTO public.averages (id, player_name, player_pts, player_reb, player_ast, player_pra) VALUES (367, 'Moritz Wagner', 7.4, 2.1, 0.4, 9.9);
INSERT INTO public.averages (id, player_name, player_pts, player_reb, player_ast, player_pra) VALUES (368, 'Moses Moody', 11.2, 3.2, 1.5, 15.899999999999999);
INSERT INTO public.averages (id, player_name, player_pts, player_reb, player_ast, player_pra) VALUES (369, 'Mouhamed Gueye', 4.9, 3.6, 1, 9.5);
INSERT INTO public.averages (id, player_name, player_pts, player_reb, player_ast, player_pra) VALUES (370, 'Moussa Cisse', 3.8, 4.4, 0.3, 8.5);
INSERT INTO public.averages (id, player_name, player_pts, player_reb, player_ast, player_pra) VALUES (371, 'Moussa Diabat├⌐', 8.5, 8.5, 1.5, 18.5);
INSERT INTO public.averages (id, player_name, player_pts, player_reb, player_ast, player_pra) VALUES (372, 'Myles Turner', 12.8, 5.5, 1.6, 19.900000000000002);
INSERT INTO public.averages (id, player_name, player_pts, player_reb, player_ast, player_pra) VALUES (373, 'Myron Gardner', 3.7, 2.6, 0.8, 7.1000000000000005);
INSERT INTO public.averages (id, player_name, player_pts, player_reb, player_ast, player_pra) VALUES (374, 'N''Faly Dante', 0.8, 1.8, 0, 2.6);
INSERT INTO public.averages (id, player_name, player_pts, player_reb, player_ast, player_pra) VALUES (375, 'Nae''Qwan Tomlin', 6.6, 3.2, 0.9, 10.700000000000001);
INSERT INTO public.averages (id, player_name, player_pts, player_reb, player_ast, player_pra) VALUES (376, 'Naji Marshall', 14.6, 5, 2.9, 22.5);
INSERT INTO public.averages (id, player_name, player_pts, player_reb, player_ast, player_pra) VALUES (377, 'Naz Reid', 14.7, 6.4, 2.5, 23.6);
INSERT INTO public.averages (id, player_name, player_pts, player_reb, player_ast, player_pra) VALUES (378, 'Neemias Queta', 10.1, 8.1, 1.5, 19.7);
INSERT INTO public.averages (id, player_name, player_pts, player_reb, player_ast, player_pra) VALUES (379, 'Nic Claxton', 12.2, 7.4, 4, 23.6);
INSERT INTO public.averages (id, player_name, player_pts, player_reb, player_ast, player_pra) VALUES (380, 'Nick Richards', 3.2, 3.3, 0.3, 6.8);
INSERT INTO public.averages (id, player_name, player_pts, player_reb, player_ast, player_pra) VALUES (381, 'Nick Smith Jr.', 5.8, 0.8, 1.1, 7.699999999999999);
INSERT INTO public.averages (id, player_name, player_pts, player_reb, player_ast, player_pra) VALUES (382, 'Nickeil Alexander-Walker', 20.3, 3.5, 3.4, 27.2);
INSERT INTO public.averages (id, player_name, player_pts, player_reb, player_ast, player_pra) VALUES (383, 'Nicolas Batum', 4.6, 2.7, 0.8, 8.1);
INSERT INTO public.averages (id, player_name, player_pts, player_reb, player_ast, player_pra) VALUES (384, 'Nigel Hayes-Davis', 1.3, 1.2, 0.3, 2.8);
INSERT INTO public.averages (id, player_name, player_pts, player_reb, player_ast, player_pra) VALUES (385, 'Nikola Jokić', 29.3, 12, 10.7, 52);
INSERT INTO public.averages (id, player_name, player_pts, player_reb, player_ast, player_pra) VALUES (386, 'Nikola Jović', 8.2, 3.7, 2.5, 14.399999999999999);
INSERT INTO public.averages (id, player_name, player_pts, player_reb, player_ast, player_pra) VALUES (387, 'Nikola Vučević', 16.9, 9, 3.8, 29.7);
INSERT INTO public.averages (id, player_name, player_pts, player_reb, player_ast, player_pra) VALUES (388, 'Nique Clifford', 5.7, 3, 1.3, 10);
INSERT INTO public.averages (id, player_name, player_pts, player_reb, player_ast, player_pra) VALUES (389, 'Noa Essengue', 0, 0, 0, 0);
INSERT INTO public.averages (id, player_name, player_pts, player_reb, player_ast, player_pra) VALUES (390, 'Noah Clowney', 13.1, 4.3, 1.9, 19.299999999999997);
INSERT INTO public.averages (id, player_name, player_pts, player_reb, player_ast, player_pra) VALUES (391, 'Noah Penda', 4.9, 3.8, 1.2, 9.899999999999999);
INSERT INTO public.averages (id, player_name, player_pts, player_reb, player_ast, player_pra) VALUES (392, 'Nolan Traore', 6, 1.3, 2.8, 10.1);
INSERT INTO public.averages (id, player_name, player_pts, player_reb, player_ast, player_pra) VALUES (393, 'Norman Powell', 23, 3.6, 2.6, 29.200000000000003);
INSERT INTO public.averages (id, player_name, player_pts, player_reb, player_ast, player_pra) VALUES (394, 'OG Anunoby', 16.4, 5.5, 2.3, 24.2);
INSERT INTO public.averages (id, player_name, player_pts, player_reb, player_ast, player_pra) VALUES (395, 'Obi Toppin', 14, 6.7, 1.7, 22.4);
INSERT INTO public.averages (id, player_name, player_pts, player_reb, player_ast, player_pra) VALUES (396, 'Ochai Agbaji', 4.3, 2.3, 0.7, 7.3);
INSERT INTO public.averages (id, player_name, player_pts, player_reb, player_ast, player_pra) VALUES (397, 'Olivier-Maxence Prosper', 5.1, 2.3, 0.6, 7.999999999999999);
INSERT INTO public.averages (id, player_name, player_pts, player_reb, player_ast, player_pra) VALUES (398, 'Onyeka Okongwu', 16.3, 7.9, 3.3, 27.500000000000004);
INSERT INTO public.averages (id, player_name, player_pts, player_reb, player_ast, player_pra) VALUES (399, 'Orlando Robinson', 1.8, 1, 0.8, 3.5999999999999996);
INSERT INTO public.averages (id, player_name, player_pts, player_reb, player_ast, player_pra) VALUES (400, 'Oscar Tshiebwe', 2, 6, 1, 9);
INSERT INTO public.averages (id, player_name, player_pts, player_reb, player_ast, player_pra) VALUES (401, 'Oso Ighodaro', 5.4, 4.5, 1.7, 11.6);
INSERT INTO public.averages (id, player_name, player_pts, player_reb, player_ast, player_pra) VALUES (402, 'Ousmane Dieng', 3.8, 1.6, 1, 6.4);
INSERT INTO public.averages (id, player_name, player_pts, player_reb, player_ast, player_pra) VALUES (403, 'P.J. Washington', 14.2, 7.2, 1.9, 23.299999999999997);
INSERT INTO public.averages (id, player_name, player_pts, player_reb, player_ast, player_pra) VALUES (404, 'PJ Hall', 4.6, 3.5, 0.5, 8.6);
INSERT INTO public.averages (id, player_name, player_pts, player_reb, player_ast, player_pra) VALUES (405, 'Pac├┤me Dadiet', 0.4, 0.6, 0.4, 1.4);
INSERT INTO public.averages (id, player_name, player_pts, player_reb, player_ast, player_pra) VALUES (406, 'Paolo Banchero', 21.7, 8.8, 4.9, 35.4);
INSERT INTO public.averages (id, player_name, player_pts, player_reb, player_ast, player_pra) VALUES (407, 'Pascal Siakam', 23.8, 6.9, 4, 34.7);
INSERT INTO public.averages (id, player_name, player_pts, player_reb, player_ast, player_pra) VALUES (408, 'Pat Connaughton', 2.9, 1.4, 0.6, 4.8999999999999995);
INSERT INTO public.averages (id, player_name, player_pts, player_reb, player_ast, player_pra) VALUES (409, 'Pat Spencer', 5.1, 2, 2.9, 10);
INSERT INTO public.averages (id, player_name, player_pts, player_reb, player_ast, player_pra) VALUES (410, 'Patrick Baldwin Jr.', 5, 0.5, 0, 5.5);
INSERT INTO public.averages (id, player_name, player_pts, player_reb, player_ast, player_pra) VALUES (411, 'Patrick Williams', 6.5, 3, 1.1, 10.6);
INSERT INTO public.averages (id, player_name, player_pts, player_reb, player_ast, player_pra) VALUES (412, 'Paul George', 16, 5.1, 3.7, 24.8);
INSERT INTO public.averages (id, player_name, player_pts, player_reb, player_ast, player_pra) VALUES (413, 'Paul Reed', 5.5, 4.2, 1.2, 10.899999999999999);
INSERT INTO public.averages (id, player_name, player_pts, player_reb, player_ast, player_pra) VALUES (414, 'Payton Pritchard', 16.8, 4.3, 5.3, 26.400000000000002);
INSERT INTO public.averages (id, player_name, player_pts, player_reb, player_ast, player_pra) VALUES (415, 'Pelle Larsson', 10.3, 3.3, 3.3, 16.900000000000002);
INSERT INTO public.averages (id, player_name, player_pts, player_reb, player_ast, player_pra) VALUES (416, 'Pete Nance', 3.7, 1.6, 0.4, 5.700000000000001);
INSERT INTO public.averages (id, player_name, player_pts, player_reb, player_ast, player_pra) VALUES (417, 'Peyton Watson', 15, 4.9, 2, 21.9);
INSERT INTO public.averages (id, player_name, player_pts, player_reb, player_ast, player_pra) VALUES (418, 'Precious Achiuwa', 7.3, 5.6, 1.2, 14.099999999999998);
INSERT INTO public.averages (id, player_name, player_pts, player_reb, player_ast, player_pra) VALUES (419, 'Quentin Grimes', 13.1, 3.8, 3.7, 20.599999999999998);
INSERT INTO public.averages (id, player_name, player_pts, player_reb, player_ast, player_pra) VALUES (420, 'Quenton Jackson', 7.1, 1.9, 1.8, 10.8);
INSERT INTO public.averages (id, player_name, player_pts, player_reb, player_ast, player_pra) VALUES (421, 'Quinten Post', 8, 4, 1.3, 13.3);
INSERT INTO public.averages (id, player_name, player_pts, player_reb, player_ast, player_pra) VALUES (422, 'RJ Barrett', 18.8, 5.2, 3.6, 27.6);
INSERT INTO public.averages (id, player_name, player_pts, player_reb, player_ast, player_pra) VALUES (423, 'Rasheer Fleming', 2.4, 1.3, 0.2, 3.9000000000000004);
INSERT INTO public.averages (id, player_name, player_pts, player_reb, player_ast, player_pra) VALUES (424, 'RayJ Dennis', 4.3, 1.5, 2, 7.8);
INSERT INTO public.averages (id, player_name, player_pts, player_reb, player_ast, player_pra) VALUES (425, 'Rayan Rupert', 2.7, 1.8, 0.7, 5.2);
INSERT INTO public.averages (id, player_name, player_pts, player_reb, player_ast, player_pra) VALUES (426, 'Reed Sheppard', 12.7, 2.6, 3, 18.299999999999997);
INSERT INTO public.averages (id, player_name, player_pts, player_reb, player_ast, player_pra) VALUES (427, 'Riley Minix', 3, 0.7, 0.3, 4);
INSERT INTO public.averages (id, player_name, player_pts, player_reb, player_ast, player_pra) VALUES (428, 'Rob Dillingham', 3.5, 1.2, 1.7, 6.4);
INSERT INTO public.averages (id, player_name, player_pts, player_reb, player_ast, player_pra) VALUES (429, 'Robert Williams III', 6, 6.5, 1, 13.5);
INSERT INTO public.averages (id, player_name, player_pts, player_reb, player_ast, player_pra) VALUES (430, 'Ron Harper Jr.', 1.9, 0.9, 0.6, 3.4);
INSERT INTO public.averages (id, player_name, player_pts, player_reb, player_ast, player_pra) VALUES (431, 'Ronald Holland II', 8.2, 4.2, 1.4, 13.799999999999999);
INSERT INTO public.averages (id, player_name, player_pts, player_reb, player_ast, player_pra) VALUES (432, 'Royce O''Neale', 10.2, 4.8, 3, 18);
INSERT INTO public.averages (id, player_name, player_pts, player_reb, player_ast, player_pra) VALUES (433, 'Rudy Gobert', 10.8, 11.3, 1.7, 23.8);
INSERT INTO public.averages (id, player_name, player_pts, player_reb, player_ast, player_pra) VALUES (434, 'Rui Hachimura', 12.1, 3.5, 0.9, 16.5);
INSERT INTO public.averages (id, player_name, player_pts, player_reb, player_ast, player_pra) VALUES (435, 'Russell Westbrook', 15.4, 6, 6.7, 28.099999999999998);
INSERT INTO public.averages (id, player_name, player_pts, player_reb, player_ast, player_pra) VALUES (436, 'Ryan Dunn', 6.1, 4.3, 1.6, 11.999999999999998);
INSERT INTO public.averages (id, player_name, player_pts, player_reb, player_ast, player_pra) VALUES (437, 'Ryan Kalkbrenner', 8.6, 6.1, 0.7, 15.399999999999999);
INSERT INTO public.averages (id, player_name, player_pts, player_reb, player_ast, player_pra) VALUES (438, 'Ryan Nembhard', 6.8, 1.8, 4.9, 13.5);
INSERT INTO public.averages (id, player_name, player_pts, player_reb, player_ast, player_pra) VALUES (439, 'Ryan Rollins', 16.5, 4.6, 5.5, 26.6);
INSERT INTO public.averages (id, player_name, player_pts, player_reb, player_ast, player_pra) VALUES (440, 'Saddiq Bey', 16.5, 5.9, 2.4, 24.799999999999997);
INSERT INTO public.averages (id, player_name, player_pts, player_reb, player_ast, player_pra) VALUES (441, 'Sam Hauser', 9.1, 3.8, 1.4, 14.299999999999999);
INSERT INTO public.averages (id, player_name, player_pts, player_reb, player_ast, player_pra) VALUES (442, 'Sam Merrill', 13.6, 2.3, 2.4, 18.299999999999997);
INSERT INTO public.averages (id, player_name, player_pts, player_reb, player_ast, player_pra) VALUES (443, 'Sandro Mamukelashvili', 11.2, 5.1, 2, 18.299999999999997);
INSERT INTO public.averages (id, player_name, player_pts, player_reb, player_ast, player_pra) VALUES (444, 'Santi Aldama', 14, 6.7, 3, 23.7);
INSERT INTO public.averages (id, player_name, player_pts, player_reb, player_ast, player_pra) VALUES (445, 'Scottie Barnes', 19.3, 8.3, 5.5, 33.1);
INSERT INTO public.averages (id, player_name, player_pts, player_reb, player_ast, player_pra) VALUES (446, 'Seth Curry', 7, 2, 1.5, 10.5);
INSERT INTO public.averages (id, player_name, player_pts, player_reb, player_ast, player_pra) VALUES (447, 'Shaedon Sharpe', 21.8, 4.5, 2.7, 29);
INSERT INTO public.averages (id, player_name, player_pts, player_reb, player_ast, player_pra) VALUES (448, 'Shai Gilgeous-Alexander', 32, 4.4, 6.4, 42.8);
INSERT INTO public.averages (id, player_name, player_pts, player_reb, player_ast, player_pra) VALUES (449, 'Sharife Cooper', 1.4, 1.3, 0.9, 3.6);
INSERT INTO public.averages (id, player_name, player_pts, player_reb, player_ast, player_pra) VALUES (450, 'Sidy Cissoko', 6.4, 2.3, 1.4, 10.1);
INSERT INTO public.averages (id, player_name, player_pts, player_reb, player_ast, player_pra) VALUES (451, 'Simone Fontecchio', 8.5, 3.2, 1.5, 13.2);
INSERT INTO public.averages (id, player_name, player_pts, player_reb, player_ast, player_pra) VALUES (452, 'Sion James', 5.8, 3.5, 1.9, 11.200000000000001);
INSERT INTO public.averages (id, player_name, player_pts, player_reb, player_ast, player_pra) VALUES (453, 'Skal Labissiere', 6.5, 4, 1, 11.5);
INSERT INTO public.averages (id, player_name, player_pts, player_reb, player_ast, player_pra) VALUES (454, 'Spencer Jones', 6.1, 3.1, 0.8, 10);
INSERT INTO public.averages (id, player_name, player_pts, player_reb, player_ast, player_pra) VALUES (455, 'Stanley Umude', 0, 0, 0, 0);
INSERT INTO public.averages (id, player_name, player_pts, player_reb, player_ast, player_pra) VALUES (456, 'Stephen Curry', 27.2, 3.5, 4.8, 35.5);
INSERT INTO public.averages (id, player_name, player_pts, player_reb, player_ast, player_pra) VALUES (457, 'Stephon Castle', 16.6, 5, 7, 28.6);
INSERT INTO public.averages (id, player_name, player_pts, player_reb, player_ast, player_pra) VALUES (458, 'Steven Adams', 5.8, 8.6, 1.5, 15.899999999999999);
INSERT INTO public.averages (id, player_name, player_pts, player_reb, player_ast, player_pra) VALUES (459, 'Svi Mykhailiuk', 8.6, 2.5, 2, 13.1);
INSERT INTO public.averages (id, player_name, player_pts, player_reb, player_ast, player_pra) VALUES (460, 'T.J. McConnell', 9.6, 2.3, 4.8, 16.7);
INSERT INTO public.averages (id, player_name, player_pts, player_reb, player_ast, player_pra) VALUES (461, 'Taelon Peter', 1.7, 1, 0.7, 3.4000000000000004);
INSERT INTO public.averages (id, player_name, player_pts, player_reb, player_ast, player_pra) VALUES (462, 'Tari Eason', 12.1, 6.2, 1.5, 19.8);
INSERT INTO public.averages (id, player_name, player_pts, player_reb, player_ast, player_pra) VALUES (463, 'Taurean Prince', 6.1, 1.6, 1, 8.7);
INSERT INTO public.averages (id, player_name, player_pts, player_reb, player_ast, player_pra) VALUES (464, 'Taylor Hendricks', 4.9, 3, 0.7, 8.6);
INSERT INTO public.averages (id, player_name, player_pts, player_reb, player_ast, player_pra) VALUES (465, 'Terance Mann', 7.6, 3.3, 3.4, 14.299999999999999);
INSERT INTO public.averages (id, player_name, player_pts, player_reb, player_ast, player_pra) VALUES (466, 'Terrence Shannon Jr.', 4.5, 1.3, 0.6, 6.3999999999999995);
INSERT INTO public.averages (id, player_name, player_pts, player_reb, player_ast, player_pra) VALUES (467, 'Thanasis Antetokounmpo', 1.4, 0.6, 0.1, 2.1);
INSERT INTO public.averages (id, player_name, player_pts, player_reb, player_ast, player_pra) VALUES (468, 'Thomas Bryant', 5, 2.6, 0.6, 8.2);
INSERT INTO public.averages (id, player_name, player_pts, player_reb, player_ast, player_pra) VALUES (469, 'Tidjane Sala├╝n', 6.4, 4.4, 0.8, 11.600000000000001);
INSERT INTO public.averages (id, player_name, player_pts, player_reb, player_ast, player_pra) VALUES (470, 'Tim Hardaway Jr.', 13.9, 2.6, 1.4, 17.9);
INSERT INTO public.averages (id, player_name, player_pts, player_reb, player_ast, player_pra) VALUES (471, 'Tobias Harris', 13.6, 4.6, 2.5, 20.7);
INSERT INTO public.averages (id, player_name, player_pts, player_reb, player_ast, player_pra) VALUES (472, 'Tolu Smith', 5.2, 5.6, 0.8, 11.600000000000001);
INSERT INTO public.averages (id, player_name, player_pts, player_reb, player_ast, player_pra) VALUES (473, 'Tony Bradley', 4, 2.8, 0.5, 7.3);
INSERT INTO public.averages (id, player_name, player_pts, player_reb, player_ast, player_pra) VALUES (474, 'Tosan Evbuomwan', 0, 0.4, 0, 0.4);
INSERT INTO public.averages (id, player_name, player_pts, player_reb, player_ast, player_pra) VALUES (475, 'Toumani Camara', 12.9, 5.2, 2.6, 20.700000000000003);
INSERT INTO public.averages (id, player_name, player_pts, player_reb, player_ast, player_pra) VALUES (476, 'Trae Young', 19.3, 1.5, 8.9, 29.700000000000003);
INSERT INTO public.averages (id, player_name, player_pts, player_reb, player_ast, player_pra) VALUES (477, 'Trayce Jackson-Davis', 4.3, 3.2, 0.9, 8.4);
INSERT INTO public.averages (id, player_name, player_pts, player_reb, player_ast, player_pra) VALUES (478, 'Tre Johnson', 12.9, 2.7, 2.2, 17.8);
INSERT INTO public.averages (id, player_name, player_pts, player_reb, player_ast, player_pra) VALUES (479, 'Tre Jones', 12.4, 3, 5.8, 21.2);
INSERT INTO public.averages (id, player_name, player_pts, player_reb, player_ast, player_pra) VALUES (480, 'Tre Mann', 7.5, 2.3, 2.2, 12);
INSERT INTO public.averages (id, player_name, player_pts, player_reb, player_ast, player_pra) VALUES (481, 'Trendon Watford', 5.8, 3.3, 2.7, 11.8);
INSERT INTO public.averages (id, player_name, player_pts, player_reb, player_ast, player_pra) VALUES (482, 'Trentyn Flowers', 2, 0.5, 0.5, 3);
INSERT INTO public.averages (id, player_name, player_pts, player_reb, player_ast, player_pra) VALUES (483, 'Trey Alexander', 2.8, 0.8, 1, 4.6);
INSERT INTO public.averages (id, player_name, player_pts, player_reb, player_ast, player_pra) VALUES (484, 'Trey Jemison III', 1, 1.7, 0.1, 2.8000000000000003);
INSERT INTO public.averages (id, player_name, player_pts, player_reb, player_ast, player_pra) VALUES (485, 'Trey Murphy III', 21.5, 5.9, 3.6, 31);
INSERT INTO public.averages (id, player_name, player_pts, player_reb, player_ast, player_pra) VALUES (486, 'Tristan Enaruna', 2, 2, 1, 5);
INSERT INTO public.averages (id, player_name, player_pts, player_reb, player_ast, player_pra) VALUES (487, 'Tristan Vukcevic', 6.9, 2.4, 1, 10.3);
INSERT INTO public.averages (id, player_name, player_pts, player_reb, player_ast, player_pra) VALUES (488, 'Tristan da Silva', 9.1, 3.4, 1.2, 13.7);
INSERT INTO public.averages (id, player_name, player_pts, player_reb, player_ast, player_pra) VALUES (489, 'Ty Jerome', 20, 1, 6, 27);
INSERT INTO public.averages (id, player_name, player_pts, player_reb, player_ast, player_pra) VALUES (490, 'TyTy Washington Jr.', 7, 0.5, 1.5, 9);
INSERT INTO public.averages (id, player_name, player_pts, player_reb, player_ast, player_pra) VALUES (491, 'Tyler Herro', 21.9, 4.7, 2.7, 29.299999999999997);
INSERT INTO public.averages (id, player_name, player_pts, player_reb, player_ast, player_pra) VALUES (492, 'Tyler Kolek', 5.1, 1.9, 3, 10);
INSERT INTO public.averages (id, player_name, player_pts, player_reb, player_ast, player_pra) VALUES (493, 'Tyrese Martin', 7.3, 2.9, 1.9, 12.1);
INSERT INTO public.averages (id, player_name, player_pts, player_reb, player_ast, player_pra) VALUES (494, 'Tyrese Maxey', 29.2, 4.2, 6.9, 40.3);
INSERT INTO public.averages (id, player_name, player_pts, player_reb, player_ast, player_pra) VALUES (495, 'Tyrese Proctor', 4.9, 1.1, 1.4, 7.4);
INSERT INTO public.averages (id, player_name, player_pts, player_reb, player_ast, player_pra) VALUES (496, 'Tyson Etienne', 1.5, 0, 0.1, 1.6);
INSERT INTO public.averages (id, player_name, player_pts, player_reb, player_ast, player_pra) VALUES (497, 'Tyus Jones', 3.1, 1.1, 2.5, 6.7);
INSERT INTO public.averages (id, player_name, player_pts, player_reb, player_ast, player_pra) VALUES (498, 'VJ Edgecombe', 15.1, 5.3, 4.2, 24.599999999999998);
INSERT INTO public.averages (id, player_name, player_pts, player_reb, player_ast, player_pra) VALUES (499, 'Victor Wembanyama', 24.1, 11, 2.7, 37.800000000000004);
INSERT INTO public.averages (id, player_name, player_pts, player_reb, player_ast, player_pra) VALUES (500, 'Vince Williams Jr.', 7.8, 4.1, 4.4, 16.299999999999997);
INSERT INTO public.averages (id, player_name, player_pts, player_reb, player_ast, player_pra) VALUES (501, 'Vladislav Goldin', 2, 0.5, 1, 3.5);
INSERT INTO public.averages (id, player_name, player_pts, player_reb, player_ast, player_pra) VALUES (502, 'V├¡t Krej─ì├¡', 9, 2.1, 1.5, 12.6);
INSERT INTO public.averages (id, player_name, player_pts, player_reb, player_ast, player_pra) VALUES (503, 'Walker Kessler', 14.4, 10.8, 3, 28.200000000000003);
INSERT INTO public.averages (id, player_name, player_pts, player_reb, player_ast, player_pra) VALUES (504, 'Walter Clayton Jr.', 6.8, 2, 3.2, 12);
INSERT INTO public.averages (id, player_name, player_pts, player_reb, player_ast, player_pra) VALUES (505, 'Wendell Carter Jr.', 12.1, 7.3, 2.1, 21.5);
INSERT INTO public.averages (id, player_name, player_pts, player_reb, player_ast, player_pra) VALUES (506, 'Wendell Moore Jr.', 2, 1.3, 1, 4.3);
INSERT INTO public.averages (id, player_name, player_pts, player_reb, player_ast, player_pra) VALUES (507, 'Will Richard', 6.9, 2.5, 1.4, 10.8);
INSERT INTO public.averages (id, player_name, player_pts, player_reb, player_ast, player_pra) VALUES (508, 'Will Riley', 5.9, 2, 1.4, 9.3);
INSERT INTO public.averages (id, player_name, player_pts, player_reb, player_ast, player_pra) VALUES (509, 'Xavier Tillman', 2.4, 1.9, 0.4, 4.7);
INSERT INTO public.averages (id, player_name, player_pts, player_reb, player_ast, player_pra) VALUES (510, 'Yang Hansen', 2.3, 1.7, 0.7, 4.7);
INSERT INTO public.averages (id, player_name, player_pts, player_reb, player_ast, player_pra) VALUES (511, 'Yanic Konan Niederh├ñuser', 3.3, 2, 0.3, 5.6);
INSERT INTO public.averages (id, player_name, player_pts, player_reb, player_ast, player_pra) VALUES (512, 'Yuki Kawamura', 6, 4.5, 4, 14.5);
INSERT INTO public.averages (id, player_name, player_pts, player_reb, player_ast, player_pra) VALUES (513, 'Yves Missi', 5.7, 5.8, 1.3, 12.8);
INSERT INTO public.averages (id, player_name, player_pts, player_reb, player_ast, player_pra) VALUES (514, 'Zaccharie Risacher', 11.1, 3.3, 1.4, 15.799999999999999);
INSERT INTO public.averages (id, player_name, player_pts, player_reb, player_ast, player_pra) VALUES (515, 'Zach Collins', 9.7, 5.6, 1.5, 16.799999999999997);
INSERT INTO public.averages (id, player_name, player_pts, player_reb, player_ast, player_pra) VALUES (516, 'Zach Edey', 13.6, 11.1, 1.1, 25.8);
INSERT INTO public.averages (id, player_name, player_pts, player_reb, player_ast, player_pra) VALUES (517, 'Zach LaVine', 19.8, 2.8, 2.3, 24.900000000000002);
INSERT INTO public.averages (id, player_name, player_pts, player_reb, player_ast, player_pra) VALUES (518, 'Zeke Nnaji', 4.4, 2.9, 0.6, 7.9);
INSERT INTO public.averages (id, player_name, player_pts, player_reb, player_ast, player_pra) VALUES (519, 'Ziaire Williams', 9.5, 2.5, 0.7, 12.7);
INSERT INTO public.averages (id, player_name, player_pts, player_reb, player_ast, player_pra) VALUES (520, 'Zion Williamson', 21.7, 6.1, 3.4, 31.199999999999996);


--
-- Data for Name: defensive_efficiency; Type: TABLE DATA; Schema: public; Owner: arrbo
--

INSERT INTO public.defensive_efficiency (team_id, pg_efficiency, sg_efficiency, sf_efficiency, pf_efficiency, c_efficiency) VALUES (25, 96.9, 96.9, 60.1, 60.1, 63.4);
INSERT INTO public.defensive_efficiency (team_id, pg_efficiency, sg_efficiency, sf_efficiency, pf_efficiency, c_efficiency) VALUES (30, 98.7, 98.7, 65.4, 65.4, 63);
INSERT INTO public.defensive_efficiency (team_id, pg_efficiency, sg_efficiency, sf_efficiency, pf_efficiency, c_efficiency) VALUES (3, 87.4, 87.4, 63.5, 63.5, 62.8);
INSERT INTO public.defensive_efficiency (team_id, pg_efficiency, sg_efficiency, sf_efficiency, pf_efficiency, c_efficiency) VALUES (29, 103.6, 103.6, 60.3, 60.3, 61);
INSERT INTO public.defensive_efficiency (team_id, pg_efficiency, sg_efficiency, sf_efficiency, pf_efficiency, c_efficiency) VALUES (5, 97.4, 97.4, 69.4, 69.4, 60.1);
INSERT INTO public.defensive_efficiency (team_id, pg_efficiency, sg_efficiency, sf_efficiency, pf_efficiency, c_efficiency) VALUES (9, 83.7, 83.7, 61.3, 61.3, 59.9);
INSERT INTO public.defensive_efficiency (team_id, pg_efficiency, sg_efficiency, sf_efficiency, pf_efficiency, c_efficiency) VALUES (28, 100.3, 100.3, 67.3, 67.3, 59.9);
INSERT INTO public.defensive_efficiency (team_id, pg_efficiency, sg_efficiency, sf_efficiency, pf_efficiency, c_efficiency) VALUES (19, 106.9, 106.9, 67.7, 67.7, 59.7);
INSERT INTO public.defensive_efficiency (team_id, pg_efficiency, sg_efficiency, sf_efficiency, pf_efficiency, c_efficiency) VALUES (26, 105.9, 105.9, 65.2, 65.2, 59.1);
INSERT INTO public.defensive_efficiency (team_id, pg_efficiency, sg_efficiency, sf_efficiency, pf_efficiency, c_efficiency) VALUES (18, 86, 86, 67.3, 67.3, 58.8);
INSERT INTO public.defensive_efficiency (team_id, pg_efficiency, sg_efficiency, sf_efficiency, pf_efficiency, c_efficiency) VALUES (8, 105.2, 105.2, 60.2, 60.2, 57.4);
INSERT INTO public.defensive_efficiency (team_id, pg_efficiency, sg_efficiency, sf_efficiency, pf_efficiency, c_efficiency) VALUES (13, 88.6, 88.6, 58.6, 58.6, 57);
INSERT INTO public.defensive_efficiency (team_id, pg_efficiency, sg_efficiency, sf_efficiency, pf_efficiency, c_efficiency) VALUES (16, 88.3, 88.3, 56.8, 56.8, 56.9);
INSERT INTO public.defensive_efficiency (team_id, pg_efficiency, sg_efficiency, sf_efficiency, pf_efficiency, c_efficiency) VALUES (1, 105.8, 105.8, 58.2, 58.2, 56.6);
INSERT INTO public.defensive_efficiency (team_id, pg_efficiency, sg_efficiency, sf_efficiency, pf_efficiency, c_efficiency) VALUES (14, 100.4, 100.4, 62.4, 62.4, 56.5);
INSERT INTO public.defensive_efficiency (team_id, pg_efficiency, sg_efficiency, sf_efficiency, pf_efficiency, c_efficiency) VALUES (24, 99.4, 99.4, 76, 76, 56.2);
INSERT INTO public.defensive_efficiency (team_id, pg_efficiency, sg_efficiency, sf_efficiency, pf_efficiency, c_efficiency) VALUES (23, 90.9, 90.9, 64.2, 64.2, 55.7);
INSERT INTO public.defensive_efficiency (team_id, pg_efficiency, sg_efficiency, sf_efficiency, pf_efficiency, c_efficiency) VALUES (17, 95.9, 95.9, 56.5, 56.5, 55.3);
INSERT INTO public.defensive_efficiency (team_id, pg_efficiency, sg_efficiency, sf_efficiency, pf_efficiency, c_efficiency) VALUES (7, 103.8, 103.8, 64.4, 64.4, 54.9);
INSERT INTO public.defensive_efficiency (team_id, pg_efficiency, sg_efficiency, sf_efficiency, pf_efficiency, c_efficiency) VALUES (4, 92.1, 92.1, 61.7, 61.7, 54.3);
INSERT INTO public.defensive_efficiency (team_id, pg_efficiency, sg_efficiency, sf_efficiency, pf_efficiency, c_efficiency) VALUES (10, 99.2, 99.2, 59.6, 59.6, 54.2);
INSERT INTO public.defensive_efficiency (team_id, pg_efficiency, sg_efficiency, sf_efficiency, pf_efficiency, c_efficiency) VALUES (6, 90.5, 90.5, 59, 59, 53.8);
INSERT INTO public.defensive_efficiency (team_id, pg_efficiency, sg_efficiency, sf_efficiency, pf_efficiency, c_efficiency) VALUES (12, 97.9, 97.9, 58, 58, 53.6);
INSERT INTO public.defensive_efficiency (team_id, pg_efficiency, sg_efficiency, sf_efficiency, pf_efficiency, c_efficiency) VALUES (21, 95.9, 95.9, 59.1, 59.1, 53.5);
INSERT INTO public.defensive_efficiency (team_id, pg_efficiency, sg_efficiency, sf_efficiency, pf_efficiency, c_efficiency) VALUES (15, 104.5, 104.5, 67.7, 67.7, 53.4);
INSERT INTO public.defensive_efficiency (team_id, pg_efficiency, sg_efficiency, sf_efficiency, pf_efficiency, c_efficiency) VALUES (11, 99.5, 99.5, 64.2, 64.2, 52.7);
INSERT INTO public.defensive_efficiency (team_id, pg_efficiency, sg_efficiency, sf_efficiency, pf_efficiency, c_efficiency) VALUES (27, 114.7, 114.7, 83.5, 83.5, 50.8);
INSERT INTO public.defensive_efficiency (team_id, pg_efficiency, sg_efficiency, sf_efficiency, pf_efficiency, c_efficiency) VALUES (2, 98.2, 98.2, 55.1, 55.1, 50.1);
INSERT INTO public.defensive_efficiency (team_id, pg_efficiency, sg_efficiency, sf_efficiency, pf_efficiency, c_efficiency) VALUES (20, 90.7, 90.7, 49.8, 49.8, 49.9);
INSERT INTO public.defensive_efficiency (team_id, pg_efficiency, sg_efficiency, sf_efficiency, pf_efficiency, c_efficiency) VALUES (22, 88.2, 88.2, 53.4, 53.4, 45.5);


--
-- Data for Name: games; Type: TABLE DATA; Schema: public; Owner: arrbo
--

INSERT INTO public.games (game_id, game_date, start_time_utc, status_text, home_team_id, home_team_abbr, home_team_score, away_team_id, away_team_abbr, away_team_score) VALUES ('0022500712', '2026-02-02', NULL, '3:00 pm ET', 1610612766, 'CHA', 0, 1610612740, 'NOP', 0);
INSERT INTO public.games (game_id, game_date, start_time_utc, status_text, home_team_id, home_team_abbr, home_team_score, away_team_id, away_team_abbr, away_team_score) VALUES ('0022500713', '2026-02-02', NULL, '7:00 pm ET', 1610612754, 'IND', 0, 1610612745, 'HOU', 0);
INSERT INTO public.games (game_id, game_date, start_time_utc, status_text, home_team_id, home_team_abbr, home_team_score, away_team_id, away_team_abbr, away_team_score) VALUES ('0022500714', '2026-02-02', NULL, '7:30 pm ET', 1610612763, 'MEM', 0, 1610612750, 'MIN', 0);
INSERT INTO public.games (game_id, game_date, start_time_utc, status_text, home_team_id, home_team_abbr, home_team_score, away_team_id, away_team_abbr, away_team_score) VALUES ('0022500715', '2026-02-02', NULL, '10:00 pm ET', 1610612746, 'LAC', 0, 1610612755, 'PHI', 0);
INSERT INTO public.games (game_id, game_date, start_time_utc, status_text, home_team_id, home_team_abbr, home_team_score, away_team_id, away_team_abbr, away_team_score) VALUES ('0022500716', '2026-02-03', NULL, '7:00 pm ET', 1610612765, 'DET', 0, 1610612743, 'DEN', 0);
INSERT INTO public.games (game_id, game_date, start_time_utc, status_text, home_team_id, home_team_abbr, home_team_score, away_team_id, away_team_abbr, away_team_score) VALUES ('0022500717', '2026-02-03', NULL, '7:00 pm ET', 1610612754, 'IND', 0, 1610612762, 'UTA', 0);
INSERT INTO public.games (game_id, game_date, start_time_utc, status_text, home_team_id, home_team_abbr, home_team_score, away_team_id, away_team_abbr, away_team_score) VALUES ('0022500718', '2026-02-03', NULL, '7:00 pm ET', 1610612764, 'WAS', 0, 1610612752, 'NYK', 0);
INSERT INTO public.games (game_id, game_date, start_time_utc, status_text, home_team_id, home_team_abbr, home_team_score, away_team_id, away_team_abbr, away_team_score) VALUES ('0022500719', '2026-02-03', NULL, '7:30 pm ET', 1610612751, 'BKN', 0, 1610612747, 'LAL', 0);
INSERT INTO public.games (game_id, game_date, start_time_utc, status_text, home_team_id, home_team_abbr, home_team_score, away_team_id, away_team_abbr, away_team_score) VALUES ('0022500720', '2026-02-03', NULL, '7:30 pm ET', 1610612748, 'MIA', 0, 1610612737, 'ATL', 0);
INSERT INTO public.games (game_id, game_date, start_time_utc, status_text, home_team_id, home_team_abbr, home_team_score, away_team_id, away_team_abbr, away_team_score) VALUES ('0022500721', '2026-02-03', NULL, '8:00 pm ET', 1610612742, 'DAL', 0, 1610612738, 'BOS', 0);
INSERT INTO public.games (game_id, game_date, start_time_utc, status_text, home_team_id, home_team_abbr, home_team_score, away_team_id, away_team_abbr, away_team_score) VALUES ('0022500722', '2026-02-03', NULL, '8:00 pm ET', 1610612749, 'MIL', 0, 1610612741, 'CHI', 0);
INSERT INTO public.games (game_id, game_date, start_time_utc, status_text, home_team_id, home_team_abbr, home_team_score, away_team_id, away_team_abbr, away_team_score) VALUES ('0022500723', '2026-02-03', NULL, '8:00 pm ET', 1610612760, 'OKC', 0, 1610612753, 'ORL', 0);
INSERT INTO public.games (game_id, game_date, start_time_utc, status_text, home_team_id, home_team_abbr, home_team_score, away_team_id, away_team_abbr, away_team_score) VALUES ('0022500724', '2026-02-03', NULL, '10:00 pm ET', 1610612744, 'GSW', 0, 1610612755, 'PHI', 0);
INSERT INTO public.games (game_id, game_date, start_time_utc, status_text, home_team_id, home_team_abbr, home_team_score, away_team_id, away_team_abbr, away_team_score) VALUES ('0022500725', '2026-02-03', NULL, '11:00 pm ET', 1610612757, 'POR', 0, 1610612756, 'PHX', 0);


--
-- Data for Name: nba_teams; Type: TABLE DATA; Schema: public; Owner: arrbo
--

INSERT INTO public.nba_teams (team_id, team_name)
VALUES
  (1,  'Atlanta Hawks'),
  (2,  'Boston Celtics'),
  (3,  'Brooklyn Nets'),
  (4,  'Charlotte Hornets'),
  (5,  'Chicago Bulls'),
  (6,  'Cleveland Cavaliers'),
  (7,  'Dallas Mavericks'),
  (8,  'Denver Nuggets'),
  (9,  'Detroit Pistons'),
  (10, 'Golden State Warriors'),
  (11, 'Houston Rockets'),
  (12, 'Indiana Pacers'),
  (13, 'Los Angeles Clippers'),
  (14, 'Los Angeles Lakers'),
  (15, 'Memphis Grizzlies'),
  (16, 'Miami Heat'),
  (17, 'Milwaukee Bucks'),
  (18, 'Minnesota Timberwolves'),
  (19, 'New Orleans Pelicans'),
  (20, 'New York Knicks'),
  (21, 'Oklahoma City Thunder'),
  (22, 'Orlando Magic'),
  (23, 'Philadelphia 76ers'),
  (24, 'Phoenix Suns'),
  (25, 'Portland Trail Blazers'),
  (26, 'Sacramento Kings'),
  (27, 'San Antonio Spurs'),
  (28, 'Toronto Raptors'),
  (29, 'Utah Jazz'),
  (30, 'Washington Wizards')
ON CONFLICT (team_id) DO NOTHING;



--
-- Data for Name: positions; Type: TABLE DATA; Schema: public; Owner: arrbo
--

INSERT INTO public.positions (id, player_name, player_position) VALUES (1, 'Jalen Johnson', 'F');
INSERT INTO public.positions (id, player_name, player_position) VALUES (2, 'Keaton Wallace', 'G');
INSERT INTO public.positions (id, player_name, player_position) VALUES (3, 'CJ McCollum', 'G');
INSERT INTO public.positions (id, player_name, player_position) VALUES (4, 'Luke Kennard', 'G');
INSERT INTO public.positions (id, player_name, player_position) VALUES (5, 'Dyson Daniels', 'G');
INSERT INTO public.positions (id, player_name, player_position) VALUES (6, 'Nickeil Alexander-Walker', 'G');
INSERT INTO public.positions (id, player_name, player_position) VALUES (7, 'Kristaps Porziņģis', 'F-C');
INSERT INTO public.positions (id, player_name, player_position) VALUES (8, 'Christian Koloko', 'C');
INSERT INTO public.positions (id, player_name, player_position) VALUES (9, 'RayJ Dennis', 'G');
INSERT INTO public.positions (id, player_name, player_position) VALUES (10, 'Zaccharie Risacher', 'F');
INSERT INTO public.positions (id, player_name, player_position) VALUES (11, 'N''Faly Dante', 'C');
INSERT INTO public.positions (id, player_name, player_position) VALUES (12, 'Asa Newell', 'F');
INSERT INTO public.positions (id, player_name, player_position) VALUES (13, 'Onyeka Okongwu', 'F-C');
INSERT INTO public.positions (id, player_name, player_position) VALUES (14, 'Mouhamed Gueye', 'F');
INSERT INTO public.positions (id, player_name, player_position) VALUES (15, 'Nikola ─Éuri┼íi─ç', 'G');
INSERT INTO public.positions (id, player_name, player_position) VALUES (16, 'Corey Kispert', 'F');
INSERT INTO public.positions (id, player_name, player_position) VALUES (17, 'Duop Reath', 'C');
INSERT INTO public.positions (id, player_name, player_position) VALUES (18, 'Caleb Houstan', 'G');
INSERT INTO public.positions (id, player_name, player_position) VALUES (19, 'Jayson Tatum', 'F-G');
INSERT INTO public.positions (id, player_name, player_position) VALUES (20, 'Anfernee Simons', 'G');
INSERT INTO public.positions (id, player_name, player_position) VALUES (21, 'Jaylen Brown', 'G-F');
INSERT INTO public.positions (id, player_name, player_position) VALUES (22, 'Josh Minott', 'F');
INSERT INTO public.positions (id, player_name, player_position) VALUES (23, 'Derrick White', 'G');
INSERT INTO public.positions (id, player_name, player_position) VALUES (24, 'Payton Pritchard', 'G');
INSERT INTO public.positions (id, player_name, player_position) VALUES (25, 'Ron Harper Jr.', 'G-F');
INSERT INTO public.positions (id, player_name, player_position) VALUES (26, 'Xavier Tillman', 'F');
INSERT INTO public.positions (id, player_name, player_position) VALUES (27, 'Jordan Walsh', 'G');
INSERT INTO public.positions (id, player_name, player_position) VALUES (28, 'Hugo Gonz├ílez', 'G');
INSERT INTO public.positions (id, player_name, player_position) VALUES (29, 'Sam Hauser', 'F');
INSERT INTO public.positions (id, player_name, player_position) VALUES (30, 'Max Shulga', 'G');
INSERT INTO public.positions (id, player_name, player_position) VALUES (31, 'Luka Garza', 'C');
INSERT INTO public.positions (id, player_name, player_position) VALUES (32, 'Baylor Scheierman', 'G');
INSERT INTO public.positions (id, player_name, player_position) VALUES (33, 'Amari Williams', 'F-C');
INSERT INTO public.positions (id, player_name, player_position) VALUES (34, 'Neemias Queta', 'C');
INSERT INTO public.positions (id, player_name, player_position) VALUES (35, 'Chris Boucher', 'F');
INSERT INTO public.positions (id, player_name, player_position) VALUES (36, 'Ziaire Williams', 'F');
INSERT INTO public.positions (id, player_name, player_position) VALUES (37, 'Danny Wolf', 'F');
INSERT INTO public.positions (id, player_name, player_position) VALUES (38, 'Drake Powell', 'G-F');
INSERT INTO public.positions (id, player_name, player_position) VALUES (39, 'Haywood Highsmith', 'F');
INSERT INTO public.positions (id, player_name, player_position) VALUES (40, 'Egor Dëmin', 'G');
INSERT INTO public.positions (id, player_name, player_position) VALUES (41, 'E.J. Liddell', 'F');
INSERT INTO public.positions (id, player_name, player_position) VALUES (42, 'Tyson Etienne', 'G');
INSERT INTO public.positions (id, player_name, player_position) VALUES (43, 'Tyrese Martin', 'F');
INSERT INTO public.positions (id, player_name, player_position) VALUES (44, 'Terance Mann', 'G-F');
INSERT INTO public.positions (id, player_name, player_position) VALUES (45, 'Michael Porter Jr.', 'F');
INSERT INTO public.positions (id, player_name, player_position) VALUES (46, 'Day''Ron Sharpe', 'C');
INSERT INTO public.positions (id, player_name, player_position) VALUES (47, 'Noah Clowney', 'F-C');
INSERT INTO public.positions (id, player_name, player_position) VALUES (48, 'Jalen Wilson', 'F');
INSERT INTO public.positions (id, player_name, player_position) VALUES (49, 'Cam Thomas', 'G');
INSERT INTO public.positions (id, player_name, player_position) VALUES (50, 'Chaney Johnson', 'G-F');
INSERT INTO public.positions (id, player_name, player_position) VALUES (51, 'Nic Claxton', 'C');
INSERT INTO public.positions (id, player_name, player_position) VALUES (52, 'Ben Saraf', 'G');
INSERT INTO public.positions (id, player_name, player_position) VALUES (53, 'Nolan Traore', 'G');
INSERT INTO public.positions (id, player_name, player_position) VALUES (54, 'Miles Bridges', 'F');
INSERT INTO public.positions (id, player_name, player_position) VALUES (55, 'LaMelo Ball', 'G');
INSERT INTO public.positions (id, player_name, player_position) VALUES (56, 'Grant Williams', 'F');
INSERT INTO public.positions (id, player_name, player_position) VALUES (57, 'Sion James', 'G');
INSERT INTO public.positions (id, player_name, player_position) VALUES (58, 'Kon Knueppel', 'G-F');
INSERT INTO public.positions (id, player_name, player_position) VALUES (59, 'Collin Sexton', 'G');
INSERT INTO public.positions (id, player_name, player_position) VALUES (60, 'Josh Green', 'G');
INSERT INTO public.positions (id, player_name, player_position) VALUES (61, 'Ryan Kalkbrenner', 'C');
INSERT INTO public.positions (id, player_name, player_position) VALUES (62, 'Antonio Reeves', 'G');
INSERT INTO public.positions (id, player_name, player_position) VALUES (63, 'Moussa Diabat├⌐', 'F');
INSERT INTO public.positions (id, player_name, player_position) VALUES (64, 'PJ Hall', 'C');
INSERT INTO public.positions (id, player_name, player_position) VALUES (65, 'Pat Connaughton', 'G');
INSERT INTO public.positions (id, player_name, player_position) VALUES (66, 'Mason Plumlee', 'F-C');
INSERT INTO public.positions (id, player_name, player_position) VALUES (67, 'Tre Mann', 'G');
INSERT INTO public.positions (id, player_name, player_position) VALUES (68, 'Brandon Miller', 'F');
INSERT INTO public.positions (id, player_name, player_position) VALUES (69, 'KJ Simpson', 'G');
INSERT INTO public.positions (id, player_name, player_position) VALUES (70, 'Tidjane Sala├╝n', 'F');
INSERT INTO public.positions (id, player_name, player_position) VALUES (71, 'Liam McNeeley', 'F');
INSERT INTO public.positions (id, player_name, player_position) VALUES (72, 'Coby White', 'G');
INSERT INTO public.positions (id, player_name, player_position) VALUES (73, 'Josh Giddey', 'G');
INSERT INTO public.positions (id, player_name, player_position) VALUES (74, 'Dalen Terry', 'F');
INSERT INTO public.positions (id, player_name, player_position) VALUES (75, 'Yuki Kawamura', 'G');
INSERT INTO public.positions (id, player_name, player_position) VALUES (76, 'Nikola Vučević', 'C');
INSERT INTO public.positions (id, player_name, player_position) VALUES (77, 'Ayo Dosunmu', 'G');
INSERT INTO public.positions (id, player_name, player_position) VALUES (78, 'Zach Collins', 'F-C');
INSERT INTO public.positions (id, player_name, player_position) VALUES (79, 'Kevin Huerter', 'G-F');
INSERT INTO public.positions (id, player_name, player_position) VALUES (80, 'Matas Buzelis', 'F');
INSERT INTO public.positions (id, player_name, player_position) VALUES (81, 'Julian Phillips', 'F');
INSERT INTO public.positions (id, player_name, player_position) VALUES (82, 'Dario ┼áari─ç', 'F-C');
INSERT INTO public.positions (id, player_name, player_position) VALUES (83, 'Noa Essengue', 'F');
INSERT INTO public.positions (id, player_name, player_position) VALUES (84, 'Jalen Smith', 'F-C');
INSERT INTO public.positions (id, player_name, player_position) VALUES (85, 'Tre Jones', 'G');
INSERT INTO public.positions (id, player_name, player_position) VALUES (86, 'Isaac Okoro', 'F-G');
INSERT INTO public.positions (id, player_name, player_position) VALUES (87, 'Patrick Williams', 'F');
INSERT INTO public.positions (id, player_name, player_position) VALUES (88, 'Lachlan Olbrich', 'C');
INSERT INTO public.positions (id, player_name, player_position) VALUES (89, 'Tristan Enaruna', 'F');
INSERT INTO public.positions (id, player_name, player_position) VALUES (90, 'Max Strus', 'G-F');
INSERT INTO public.positions (id, player_name, player_position) VALUES (91, 'Lonzo Ball', 'G');
INSERT INTO public.positions (id, player_name, player_position) VALUES (92, 'Emanuel Miller', 'F');
INSERT INTO public.positions (id, player_name, player_position) VALUES (93, 'Thomas Bryant', 'C-F');
INSERT INTO public.positions (id, player_name, player_position) VALUES (94, 'Evan Mobley', 'C');
INSERT INTO public.positions (id, player_name, player_position) VALUES (95, 'Sam Merrill', 'G');
INSERT INTO public.positions (id, player_name, player_position) VALUES (96, 'Craig Porter Jr.', 'G');
INSERT INTO public.positions (id, player_name, player_position) VALUES (97, 'Darius Garland', 'G');
INSERT INTO public.positions (id, player_name, player_position) VALUES (98, 'Dennis Schröder', 'G');
INSERT INTO public.positions (id, player_name, player_position) VALUES (99, 'Jaylon Tyson', 'G-F');
INSERT INTO public.positions (id, player_name, player_position) VALUES (100, 'Larry Nance Jr.', 'F-C');
INSERT INTO public.positions (id, player_name, player_position) VALUES (101, 'Keon Ellis', 'G');
INSERT INTO public.positions (id, player_name, player_position) VALUES (102, 'Tyrese Proctor', 'G');
INSERT INTO public.positions (id, player_name, player_position) VALUES (103, 'Jarrett Allen', 'C');
INSERT INTO public.positions (id, player_name, player_position) VALUES (104, 'Dean Wade', 'F-C');
INSERT INTO public.positions (id, player_name, player_position) VALUES (105, 'Nae''Qwan Tomlin', 'F');
INSERT INTO public.positions (id, player_name, player_position) VALUES (106, 'Donovan Mitchell', 'G');
INSERT INTO public.positions (id, player_name, player_position) VALUES (107, 'Dant├⌐ Exum', 'G');
INSERT INTO public.positions (id, player_name, player_position) VALUES (108, 'Max Christie', 'G');
INSERT INTO public.positions (id, player_name, player_position) VALUES (109, 'Jaden Hardy', 'G');
INSERT INTO public.positions (id, player_name, player_position) VALUES (110, 'Dereck Lively II', 'C');
INSERT INTO public.positions (id, player_name, player_position) VALUES (111, 'Anthony Davis', 'F-C');
INSERT INTO public.positions (id, player_name, player_position) VALUES (112, 'D''Angelo Russell', 'G');
INSERT INTO public.positions (id, player_name, player_position) VALUES (113, 'Dwight Powell', 'F-C');
INSERT INTO public.positions (id, player_name, player_position) VALUES (114, 'Ryan Nembhard', 'G');
INSERT INTO public.positions (id, player_name, player_position) VALUES (115, 'Brandon Williams', 'G');
INSERT INTO public.positions (id, player_name, player_position) VALUES (116, 'Kyrie Irving', 'G');
INSERT INTO public.positions (id, player_name, player_position) VALUES (117, 'Naji Marshall', 'F');
INSERT INTO public.positions (id, player_name, player_position) VALUES (118, 'Miles Kelly', 'G');
INSERT INTO public.positions (id, player_name, player_position) VALUES (119, 'Caleb Martin', 'F');
INSERT INTO public.positions (id, player_name, player_position) VALUES (120, 'Daniel Gafford', 'F-C');
INSERT INTO public.positions (id, player_name, player_position) VALUES (121, 'P.J. Washington', 'F');
INSERT INTO public.positions (id, player_name, player_position) VALUES (122, 'Moussa Cisse', 'C');
INSERT INTO public.positions (id, player_name, player_position) VALUES (123, 'Klay Thompson', 'G');
INSERT INTO public.positions (id, player_name, player_position) VALUES (124, 'Cooper Flagg', 'F');
INSERT INTO public.positions (id, player_name, player_position) VALUES (125, 'Christian Braun', 'G');
INSERT INTO public.positions (id, player_name, player_position) VALUES (126, 'Curtis Jones', 'G');
INSERT INTO public.positions (id, player_name, player_position) VALUES (127, 'Julian Strawther', 'G');
INSERT INTO public.positions (id, player_name, player_position) VALUES (128, 'Hunter Tyson', 'F');
INSERT INTO public.positions (id, player_name, player_position) VALUES (129, 'Tamar Bates', 'G');
INSERT INTO public.positions (id, player_name, player_position) VALUES (130, 'Peyton Watson', 'G');
INSERT INTO public.positions (id, player_name, player_position) VALUES (131, 'Tim Hardaway Jr.', 'G-F');
INSERT INTO public.positions (id, player_name, player_position) VALUES (132, 'Bruce Brown', 'G-F');
INSERT INTO public.positions (id, player_name, player_position) VALUES (133, 'DaRon Holmes II', 'F');
INSERT INTO public.positions (id, player_name, player_position) VALUES (134, 'Nikola Jokić', 'C');
INSERT INTO public.positions (id, player_name, player_position) VALUES (135, 'Jonas Valan─ìi┼½nas', 'C');
INSERT INTO public.positions (id, player_name, player_position) VALUES (136, 'Spencer Jones', 'F');
INSERT INTO public.positions (id, player_name, player_position) VALUES (137, 'Zeke Nnaji', 'F-C');
INSERT INTO public.positions (id, player_name, player_position) VALUES (138, 'Cameron Johnson', 'F');
INSERT INTO public.positions (id, player_name, player_position) VALUES (139, 'Jalen Pickett', 'G');
INSERT INTO public.positions (id, player_name, player_position) VALUES (140, 'Jamal Murray', 'G');
INSERT INTO public.positions (id, player_name, player_position) VALUES (141, 'Aaron Gordon', 'F');
INSERT INTO public.positions (id, player_name, player_position) VALUES (142, 'Jalen Duren', 'C');
INSERT INTO public.positions (id, player_name, player_position) VALUES (143, 'Cade Cunningham', 'G');
INSERT INTO public.positions (id, player_name, player_position) VALUES (144, 'Isaac Jones', 'F');
INSERT INTO public.positions (id, player_name, player_position) VALUES (145, 'Ronald Holland II', 'F');
INSERT INTO public.positions (id, player_name, player_position) VALUES (146, 'Paul Reed', 'F');
INSERT INTO public.positions (id, player_name, player_position) VALUES (147, 'Caris LeVert', 'G');
INSERT INTO public.positions (id, player_name, player_position) VALUES (148, 'Ausar Thompson', 'G-F');
INSERT INTO public.positions (id, player_name, player_position) VALUES (149, 'Tobias Harris', 'F');
INSERT INTO public.positions (id, player_name, player_position) VALUES (150, 'Wendell Moore Jr.', 'G');
INSERT INTO public.positions (id, player_name, player_position) VALUES (151, 'Chaz Lanier', 'G');
INSERT INTO public.positions (id, player_name, player_position) VALUES (152, 'Jaden Ivey', 'G');
INSERT INTO public.positions (id, player_name, player_position) VALUES (153, 'Daniss Jenkins', 'G');
INSERT INTO public.positions (id, player_name, player_position) VALUES (154, 'Marcus Sasser', 'G');
INSERT INTO public.positions (id, player_name, player_position) VALUES (155, 'Isaiah Stewart', 'F-C');
INSERT INTO public.positions (id, player_name, player_position) VALUES (156, 'Javonte Green', 'G');
INSERT INTO public.positions (id, player_name, player_position) VALUES (157, 'Bobi Klintman', 'F');
INSERT INTO public.positions (id, player_name, player_position) VALUES (158, 'Tolu Smith', 'F');
INSERT INTO public.positions (id, player_name, player_position) VALUES (159, 'Duncan Robinson', 'F');
INSERT INTO public.positions (id, player_name, player_position) VALUES (160, 'Gary Payton II', 'G');
INSERT INTO public.positions (id, player_name, player_position) VALUES (161, 'Jonathan Kuminga', 'F');
INSERT INTO public.positions (id, player_name, player_position) VALUES (162, 'Brandin Podziemski', 'G');
INSERT INTO public.positions (id, player_name, player_position) VALUES (163, 'Will Richard', 'G');
INSERT INTO public.positions (id, player_name, player_position) VALUES (164, 'Moses Moody', 'G');
INSERT INTO public.positions (id, player_name, player_position) VALUES (165, 'Buddy Hield', 'G');
INSERT INTO public.positions (id, player_name, player_position) VALUES (166, 'De''Anthony Melton', 'G');
INSERT INTO public.positions (id, player_name, player_position) VALUES (167, 'Jimmy Butler III', 'F');
INSERT INTO public.positions (id, player_name, player_position) VALUES (168, 'Gui Santos', 'F');
INSERT INTO public.positions (id, player_name, player_position) VALUES (169, 'LJ Cryer', 'G');
INSERT INTO public.positions (id, player_name, player_position) VALUES (170, 'Al Horford', 'C-F');
INSERT INTO public.positions (id, player_name, player_position) VALUES (171, 'Quinten Post', 'C');
INSERT INTO public.positions (id, player_name, player_position) VALUES (172, 'Draymond Green', 'F');
INSERT INTO public.positions (id, player_name, player_position) VALUES (173, 'Stephen Curry', 'G');
INSERT INTO public.positions (id, player_name, player_position) VALUES (174, 'Seth Curry', 'G');
INSERT INTO public.positions (id, player_name, player_position) VALUES (175, 'Trayce Jackson-Davis', 'F');
INSERT INTO public.positions (id, player_name, player_position) VALUES (176, 'Malevy Leons', 'F');
INSERT INTO public.positions (id, player_name, player_position) VALUES (177, 'Pat Spencer', 'G');
INSERT INTO public.positions (id, player_name, player_position) VALUES (178, 'Aaron Holiday', 'G');
INSERT INTO public.positions (id, player_name, player_position) VALUES (179, 'Amen Thompson', 'G-F');
INSERT INTO public.positions (id, player_name, player_position) VALUES (180, 'Dorian Finney-Smith', 'F');
INSERT INTO public.positions (id, player_name, player_position) VALUES (181, 'JD Davison', 'G');
INSERT INTO public.positions (id, player_name, player_position) VALUES (182, 'Fred VanVleet', 'G');
INSERT INTO public.positions (id, player_name, player_position) VALUES (183, 'Kevin Durant', 'F');
INSERT INTO public.positions (id, player_name, player_position) VALUES (184, 'Jae''Sean Tate', 'F');
INSERT INTO public.positions (id, player_name, player_position) VALUES (185, 'Jabari Smith Jr.', 'F');
INSERT INTO public.positions (id, player_name, player_position) VALUES (186, 'Steven Adams', 'C');
INSERT INTO public.positions (id, player_name, player_position) VALUES (187, 'Tristen Newton', 'G');
INSERT INTO public.positions (id, player_name, player_position) VALUES (188, 'Reed Sheppard', 'G');
INSERT INTO public.positions (id, player_name, player_position) VALUES (189, 'Tari Eason', 'F');
INSERT INTO public.positions (id, player_name, player_position) VALUES (190, 'Josh Okogie', 'G');
INSERT INTO public.positions (id, player_name, player_position) VALUES (191, 'Isaiah Crawford', 'F');
INSERT INTO public.positions (id, player_name, player_position) VALUES (192, 'Alperen Sengun', 'C');
INSERT INTO public.positions (id, player_name, player_position) VALUES (193, 'Clint Capela', 'C');
INSERT INTO public.positions (id, player_name, player_position) VALUES (194, 'Jeff Green', 'F');
INSERT INTO public.positions (id, player_name, player_position) VALUES (195, 'Tyrese Haliburton', 'G');
INSERT INTO public.positions (id, player_name, player_position) VALUES (196, 'Bennedict Mathurin', 'G-F');
INSERT INTO public.positions (id, player_name, player_position) VALUES (197, 'Obi Toppin', 'F');
INSERT INTO public.positions (id, player_name, player_position) VALUES (198, 'Andrew Nembhard', 'G-F');
INSERT INTO public.positions (id, player_name, player_position) VALUES (199, 'Taelon Peter', 'G');
INSERT INTO public.positions (id, player_name, player_position) VALUES (200, 'Jarace Walker', 'F');
INSERT INTO public.positions (id, player_name, player_position) VALUES (201, 'Kam Jones', 'G');
INSERT INTO public.positions (id, player_name, player_position) VALUES (202, 'T.J. McConnell', 'G');
INSERT INTO public.positions (id, player_name, player_position) VALUES (203, 'Micah Potter', 'C');
INSERT INTO public.positions (id, player_name, player_position) VALUES (204, 'Johnny Furphy', 'G');
INSERT INTO public.positions (id, player_name, player_position) VALUES (205, 'Isaiah Jackson', 'F');
INSERT INTO public.positions (id, player_name, player_position) VALUES (206, 'Aaron Nesmith', 'G-F');
INSERT INTO public.positions (id, player_name, player_position) VALUES (207, 'Ben Sheppard', 'G');
INSERT INTO public.positions (id, player_name, player_position) VALUES (208, 'Quenton Jackson', 'G');
INSERT INTO public.positions (id, player_name, player_position) VALUES (209, 'Jay Huff', 'C');
INSERT INTO public.positions (id, player_name, player_position) VALUES (210, 'Pascal Siakam', 'F');
INSERT INTO public.positions (id, player_name, player_position) VALUES (211, 'Ethan Thompson', 'G');
INSERT INTO public.positions (id, player_name, player_position) VALUES (212, 'Bradley Beal', 'G');
INSERT INTO public.positions (id, player_name, player_position) VALUES (213, 'James Harden', 'G');
INSERT INTO public.positions (id, player_name, player_position) VALUES (214, 'Kawhi Leonard', 'F');
INSERT INTO public.positions (id, player_name, player_position) VALUES (215, 'Chris Paul', 'G');
INSERT INTO public.positions (id, player_name, player_position) VALUES (216, 'Kobe Sanders', 'G');
INSERT INTO public.positions (id, player_name, player_position) VALUES (217, 'Derrick Jones Jr.', 'F');
INSERT INTO public.positions (id, player_name, player_position) VALUES (218, 'Kris Dunn', 'G');
INSERT INTO public.positions (id, player_name, player_position) VALUES (219, 'Bogdan Bogdanovi─ç', 'G');
INSERT INTO public.positions (id, player_name, player_position) VALUES (220, 'Brook Lopez', 'C');
INSERT INTO public.positions (id, player_name, player_position) VALUES (221, 'Cam Christie', 'G');
INSERT INTO public.positions (id, player_name, player_position) VALUES (222, 'Yanic Konan Niederh├ñuser', 'C');
INSERT INTO public.positions (id, player_name, player_position) VALUES (223, 'TyTy Washington Jr.', 'G');
INSERT INTO public.positions (id, player_name, player_position) VALUES (224, 'John Collins', 'F-C');
INSERT INTO public.positions (id, player_name, player_position) VALUES (225, 'Jordan Miller', 'G');
INSERT INTO public.positions (id, player_name, player_position) VALUES (226, 'Kobe Brown', 'F');
INSERT INTO public.positions (id, player_name, player_position) VALUES (227, 'Nicolas Batum', 'G-F');
INSERT INTO public.positions (id, player_name, player_position) VALUES (228, 'Ivica Zubac', 'C');
INSERT INTO public.positions (id, player_name, player_position) VALUES (229, 'Adou Thiero', 'G');
INSERT INTO public.positions (id, player_name, player_position) VALUES (230, 'Jarred Vanderbilt', 'F');
INSERT INTO public.positions (id, player_name, player_position) VALUES (231, 'Dalton Knecht', 'F');
INSERT INTO public.positions (id, player_name, player_position) VALUES (232, 'Deandre Ayton', 'C');
INSERT INTO public.positions (id, player_name, player_position) VALUES (233, 'Gabe Vincent', 'G');
INSERT INTO public.positions (id, player_name, player_position) VALUES (234, 'Bronny James', 'G');
INSERT INTO public.positions (id, player_name, player_position) VALUES (235, 'Jaxson Hayes', 'C-F');
INSERT INTO public.positions (id, player_name, player_position) VALUES (236, 'Jake LaRavia', 'F');
INSERT INTO public.positions (id, player_name, player_position) VALUES (237, 'Maxi Kleber', 'F');
INSERT INTO public.positions (id, player_name, player_position) VALUES (238, 'Austin Reaves', 'G');
INSERT INTO public.positions (id, player_name, player_position) VALUES (239, 'Nick Smith Jr.', 'G');
INSERT INTO public.positions (id, player_name, player_position) VALUES (240, 'LeBron James', 'F');
INSERT INTO public.positions (id, player_name, player_position) VALUES (241, 'Drew Timme', 'F');
INSERT INTO public.positions (id, player_name, player_position) VALUES (242, 'Rui Hachimura', 'F');
INSERT INTO public.positions (id, player_name, player_position) VALUES (243, 'Chris Ma├▒on', 'G');
INSERT INTO public.positions (id, player_name, player_position) VALUES (244, 'Marcus Smart', 'G');
INSERT INTO public.positions (id, player_name, player_position) VALUES (245, 'Luka Dončić', 'F-G');
INSERT INTO public.positions (id, player_name, player_position) VALUES (246, 'Jahmai Mashack', 'G');
INSERT INTO public.positions (id, player_name, player_position) VALUES (247, 'Jaylen Wells', 'F');
INSERT INTO public.positions (id, player_name, player_position) VALUES (248, 'Scotty Pippen Jr.', 'G');
INSERT INTO public.positions (id, player_name, player_position) VALUES (249, 'Ty Jerome', 'G-F');
INSERT INTO public.positions (id, player_name, player_position) VALUES (250, 'Kentavious Caldwell-Pope', 'G');
INSERT INTO public.positions (id, player_name, player_position) VALUES (251, 'Vince Williams Jr.', 'G');
INSERT INTO public.positions (id, player_name, player_position) VALUES (252, 'Santi Aldama', 'F-C');
INSERT INTO public.positions (id, player_name, player_position) VALUES (253, 'Jaren Jackson Jr.', 'F-C');
INSERT INTO public.positions (id, player_name, player_position) VALUES (254, 'Javon Small', 'G');
INSERT INTO public.positions (id, player_name, player_position) VALUES (255, 'Ja Morant', 'G');
INSERT INTO public.positions (id, player_name, player_position) VALUES (256, 'Zach Edey', 'C');
INSERT INTO public.positions (id, player_name, player_position) VALUES (257, 'Brandon Clarke', 'F');
INSERT INTO public.positions (id, player_name, player_position) VALUES (258, 'Olivier-Maxence Prosper', 'F');
INSERT INTO public.positions (id, player_name, player_position) VALUES (259, 'Cedric Coward', 'G');
INSERT INTO public.positions (id, player_name, player_position) VALUES (260, 'Cam Spencer', 'G');
INSERT INTO public.positions (id, player_name, player_position) VALUES (261, 'Jock Landale', 'C');
INSERT INTO public.positions (id, player_name, player_position) VALUES (262, 'GG Jackson', 'F');
INSERT INTO public.positions (id, player_name, player_position) VALUES (263, 'John Konchar', 'G');
INSERT INTO public.positions (id, player_name, player_position) VALUES (264, 'Simone Fontecchio', 'F');
INSERT INTO public.positions (id, player_name, player_position) VALUES (265, 'Terry Rozier', 'G');
INSERT INTO public.positions (id, player_name, player_position) VALUES (266, 'Nikola Jović', 'F');
INSERT INTO public.positions (id, player_name, player_position) VALUES (267, 'Kel''el Ware', 'C');
INSERT INTO public.positions (id, player_name, player_position) VALUES (268, 'Pelle Larsson', 'G');
INSERT INTO public.positions (id, player_name, player_position) VALUES (269, 'Jaime Jaquez Jr.', 'G');
INSERT INTO public.positions (id, player_name, player_position) VALUES (270, 'Dru Smith', 'G');
INSERT INTO public.positions (id, player_name, player_position) VALUES (271, 'Bam Adebayo', 'C-F');
INSERT INTO public.positions (id, player_name, player_position) VALUES (272, 'Tyler Herro', 'G');
INSERT INTO public.positions (id, player_name, player_position) VALUES (273, 'Myron Gardner', 'F');
INSERT INTO public.positions (id, player_name, player_position) VALUES (274, 'Keshad Johnson', 'F');
INSERT INTO public.positions (id, player_name, player_position) VALUES (275, 'Jahmir Young', 'G');
INSERT INTO public.positions (id, player_name, player_position) VALUES (276, 'Andrew Wiggins', 'F');
INSERT INTO public.positions (id, player_name, player_position) VALUES (277, 'Norman Powell', 'G');
INSERT INTO public.positions (id, player_name, player_position) VALUES (278, 'Kasparas Jaku─ìionis', 'G');
INSERT INTO public.positions (id, player_name, player_position) VALUES (279, 'Davion Mitchell', 'G');
INSERT INTO public.positions (id, player_name, player_position) VALUES (280, 'Vladislav Goldin', 'C');
INSERT INTO public.positions (id, player_name, player_position) VALUES (281, 'Jericho Sims', 'C');
INSERT INTO public.positions (id, player_name, player_position) VALUES (282, 'Myles Turner', 'C-F');
INSERT INTO public.positions (id, player_name, player_position) VALUES (283, 'Gary Trent Jr.', 'G');
INSERT INTO public.positions (id, player_name, player_position) VALUES (284, 'Kevin Porter Jr.', 'G-F');
INSERT INTO public.positions (id, player_name, player_position) VALUES (285, 'Bobby Portis', 'F');
INSERT INTO public.positions (id, player_name, player_position) VALUES (286, 'Gary Harris', 'G');
INSERT INTO public.positions (id, player_name, player_position) VALUES (287, 'Taurean Prince', 'F');
INSERT INTO public.positions (id, player_name, player_position) VALUES (288, 'Ryan Rollins', 'G');
INSERT INTO public.positions (id, player_name, player_position) VALUES (289, 'Amir Coffey', 'G-F');
INSERT INTO public.positions (id, player_name, player_position) VALUES (290, 'Kyle Kuzma', 'F');
INSERT INTO public.positions (id, player_name, player_position) VALUES (291, 'AJ Green', 'G');
INSERT INTO public.positions (id, player_name, player_position) VALUES (292, 'Alex Antetokounmpo', 'F');
INSERT INTO public.positions (id, player_name, player_position) VALUES (293, 'Giannis Antetokounmpo', 'F');
INSERT INTO public.positions (id, player_name, player_position) VALUES (294, 'Pete Nance', 'F');
INSERT INTO public.positions (id, player_name, player_position) VALUES (295, 'Thanasis Antetokounmpo', 'F');
INSERT INTO public.positions (id, player_name, player_position) VALUES (296, 'Andre Jackson Jr.', 'G');
INSERT INTO public.positions (id, player_name, player_position) VALUES (297, 'Cole Anthony', 'G');
INSERT INTO public.positions (id, player_name, player_position) VALUES (298, 'Donte DiVincenzo', 'G');
INSERT INTO public.positions (id, player_name, player_position) VALUES (299, 'Terrence Shannon Jr.', 'G-F');
INSERT INTO public.positions (id, player_name, player_position) VALUES (300, 'Jaden McDaniels', 'F');
INSERT INTO public.positions (id, player_name, player_position) VALUES (301, 'Rob Dillingham', 'G');
INSERT INTO public.positions (id, player_name, player_position) VALUES (302, 'Anthony Edwards', 'G');
INSERT INTO public.positions (id, player_name, player_position) VALUES (303, 'Joe Ingles', 'F-G');
INSERT INTO public.positions (id, player_name, player_position) VALUES (304, 'Bones Hyland', 'G');
INSERT INTO public.positions (id, player_name, player_position) VALUES (305, 'Johnny Juzang', 'G');
INSERT INTO public.positions (id, player_name, player_position) VALUES (306, 'Mike Conley', 'G');
INSERT INTO public.positions (id, player_name, player_position) VALUES (307, 'Naz Reid', 'C-F');
INSERT INTO public.positions (id, player_name, player_position) VALUES (308, 'Joan Beringer', 'F');
INSERT INTO public.positions (id, player_name, player_position) VALUES (309, 'Jaylen Clark', 'G');
INSERT INTO public.positions (id, player_name, player_position) VALUES (310, 'Enrique Freeman', 'F');
INSERT INTO public.positions (id, player_name, player_position) VALUES (311, 'Rudy Gobert', 'C');
INSERT INTO public.positions (id, player_name, player_position) VALUES (312, 'Julius Randle', 'F-C');
INSERT INTO public.positions (id, player_name, player_position) VALUES (313, 'Leonard Miller', 'F');
INSERT INTO public.positions (id, player_name, player_position) VALUES (314, 'Rocco Zikarsky', 'C');
INSERT INTO public.positions (id, player_name, player_position) VALUES (315, 'Jeremiah Fears', 'G');
INSERT INTO public.positions (id, player_name, player_position) VALUES (316, 'Zion Williamson', 'F');
INSERT INTO public.positions (id, player_name, player_position) VALUES (317, 'Herbert Jones', 'F');
INSERT INTO public.positions (id, player_name, player_position) VALUES (318, 'Jordan Poole', 'G');
INSERT INTO public.positions (id, player_name, player_position) VALUES (319, 'Hunter Dickinson', 'C');
INSERT INTO public.positions (id, player_name, player_position) VALUES (320, 'Dejounte Murray', 'G');
INSERT INTO public.positions (id, player_name, player_position) VALUES (321, 'DeAndre Jordan', 'C');
INSERT INTO public.positions (id, player_name, player_position) VALUES (322, 'Bryce McGowens', 'G');
INSERT INTO public.positions (id, player_name, player_position) VALUES (323, 'Micah Peavy', 'G-F');
INSERT INTO public.positions (id, player_name, player_position) VALUES (324, 'Jose Alvarado', 'G');
INSERT INTO public.positions (id, player_name, player_position) VALUES (325, 'Karlo Matkovi─ç', 'F-C');
INSERT INTO public.positions (id, player_name, player_position) VALUES (326, 'Yves Missi', 'C');
INSERT INTO public.positions (id, player_name, player_position) VALUES (327, 'Derik Queen', 'C');
INSERT INTO public.positions (id, player_name, player_position) VALUES (328, 'Trey Alexander', 'G');
INSERT INTO public.positions (id, player_name, player_position) VALUES (329, 'Jordan Hawkins', 'G');
INSERT INTO public.positions (id, player_name, player_position) VALUES (330, 'Trey Murphy III', 'F');
INSERT INTO public.positions (id, player_name, player_position) VALUES (331, 'Saddiq Bey', 'G-F');
INSERT INTO public.positions (id, player_name, player_position) VALUES (332, 'Kevon Looney', 'F');
INSERT INTO public.positions (id, player_name, player_position) VALUES (333, 'Jordan Clarkson', 'G');
INSERT INTO public.positions (id, player_name, player_position) VALUES (334, 'Miles McBride', 'G');
INSERT INTO public.positions (id, player_name, player_position) VALUES (335, 'Josh Hart', 'G');
INSERT INTO public.positions (id, player_name, player_position) VALUES (336, 'Pac├┤me Dadiet', 'F');
INSERT INTO public.positions (id, player_name, player_position) VALUES (337, 'OG Anunoby', 'F-G');
INSERT INTO public.positions (id, player_name, player_position) VALUES (338, 'Kevin McCullar Jr.', 'G');
INSERT INTO public.positions (id, player_name, player_position) VALUES (339, 'Jalen Brunson', 'G');
INSERT INTO public.positions (id, player_name, player_position) VALUES (340, 'Tyler Kolek', 'G');
INSERT INTO public.positions (id, player_name, player_position) VALUES (341, 'Mitchell Robinson', 'C-F');
INSERT INTO public.positions (id, player_name, player_position) VALUES (342, 'Mikal Bridges', 'G-F');
INSERT INTO public.positions (id, player_name, player_position) VALUES (343, 'Guerschon Yabusele', 'F');
INSERT INTO public.positions (id, player_name, player_position) VALUES (344, 'Karl-Anthony Towns', 'C-F');
INSERT INTO public.positions (id, player_name, player_position) VALUES (345, 'Dillon Jones', 'F');
INSERT INTO public.positions (id, player_name, player_position) VALUES (346, 'Landry Shamet', 'G');
INSERT INTO public.positions (id, player_name, player_position) VALUES (347, 'Trey Jemison III', 'C');
INSERT INTO public.positions (id, player_name, player_position) VALUES (348, 'Mohamed Diawara', 'F');
INSERT INTO public.positions (id, player_name, player_position) VALUES (349, 'Ariel Hukporti', 'C');
INSERT INTO public.positions (id, player_name, player_position) VALUES (350, 'Shai Gilgeous-Alexander', 'G');
INSERT INTO public.positions (id, player_name, player_position) VALUES (351, 'Chris Youngblood', 'G');
INSERT INTO public.positions (id, player_name, player_position) VALUES (352, 'Luguentz Dort', 'G');
INSERT INTO public.positions (id, player_name, player_position) VALUES (353, 'Jaylin Williams', 'F');
INSERT INTO public.positions (id, player_name, player_position) VALUES (354, 'Chet Holmgren', 'C-F');
INSERT INTO public.positions (id, player_name, player_position) VALUES (355, 'Jalen Williams', 'G-F');
INSERT INTO public.positions (id, player_name, player_position) VALUES (356, 'Alex Caruso', 'G');
INSERT INTO public.positions (id, player_name, player_position) VALUES (357, 'Isaiah Joe', 'G');
INSERT INTO public.positions (id, player_name, player_position) VALUES (358, 'Thomas Sorber', 'C');
INSERT INTO public.positions (id, player_name, player_position) VALUES (359, 'Ousmane Dieng', 'F');
INSERT INTO public.positions (id, player_name, player_position) VALUES (360, 'Branden Carlson', 'C');
INSERT INTO public.positions (id, player_name, player_position) VALUES (361, 'Aaron Wiggins', 'G');
INSERT INTO public.positions (id, player_name, player_position) VALUES (362, 'Cason Wallace', 'G');
INSERT INTO public.positions (id, player_name, player_position) VALUES (363, 'Brooks Barnhizer', 'G');
INSERT INTO public.positions (id, player_name, player_position) VALUES (364, 'Ajay Mitchell', 'G');
INSERT INTO public.positions (id, player_name, player_position) VALUES (365, 'Kenrich Williams', 'G-F');
INSERT INTO public.positions (id, player_name, player_position) VALUES (366, 'Nikola Topi─ç', 'G');
INSERT INTO public.positions (id, player_name, player_position) VALUES (367, 'Isaiah Hartenstein', 'C-F');
INSERT INTO public.positions (id, player_name, player_position) VALUES (368, 'Anthony Black', 'G');
INSERT INTO public.positions (id, player_name, player_position) VALUES (369, 'Jonathan Isaac', 'F');
INSERT INTO public.positions (id, player_name, player_position) VALUES (370, 'Tyus Jones', 'G');
INSERT INTO public.positions (id, player_name, player_position) VALUES (371, 'Desmond Bane', 'G');
INSERT INTO public.positions (id, player_name, player_position) VALUES (372, 'Jalen Suggs', 'G');
INSERT INTO public.positions (id, player_name, player_position) VALUES (373, 'Paolo Banchero', 'F');
INSERT INTO public.positions (id, player_name, player_position) VALUES (374, 'Orlando Robinson', 'C');
INSERT INTO public.positions (id, player_name, player_position) VALUES (375, 'Jamal Cain', 'F');
INSERT INTO public.positions (id, player_name, player_position) VALUES (376, 'Jase Richardson', 'G');
INSERT INTO public.positions (id, player_name, player_position) VALUES (377, 'Jett Howard', 'G');
INSERT INTO public.positions (id, player_name, player_position) VALUES (378, 'Colin Castleton', 'C');
INSERT INTO public.positions (id, player_name, player_position) VALUES (379, 'Moritz Wagner', 'F-C');
INSERT INTO public.positions (id, player_name, player_position) VALUES (380, 'Franz Wagner', 'F');
INSERT INTO public.positions (id, player_name, player_position) VALUES (381, 'Tristan da Silva', 'F');
INSERT INTO public.positions (id, player_name, player_position) VALUES (382, 'Wendell Carter Jr.', 'C-F');
INSERT INTO public.positions (id, player_name, player_position) VALUES (383, 'Goga Bitadze', 'C-F');
INSERT INTO public.positions (id, player_name, player_position) VALUES (384, 'Noah Penda', 'G-F');
INSERT INTO public.positions (id, player_name, player_position) VALUES (385, 'Tyrese Maxey', 'G');
INSERT INTO public.positions (id, player_name, player_position) VALUES (386, 'MarJon Beauchamp', 'F');
INSERT INTO public.positions (id, player_name, player_position) VALUES (387, 'Andre Drummond', 'C');
INSERT INTO public.positions (id, player_name, player_position) VALUES (388, 'Quentin Grimes', 'G');
INSERT INTO public.positions (id, player_name, player_position) VALUES (389, 'Kyle Lowry', 'G');
INSERT INTO public.positions (id, player_name, player_position) VALUES (390, 'Paul George', 'F');
INSERT INTO public.positions (id, player_name, player_position) VALUES (391, 'Kelly Oubre Jr.', 'F-G');
INSERT INTO public.positions (id, player_name, player_position) VALUES (392, 'Justin Edwards', 'F');
INSERT INTO public.positions (id, player_name, player_position) VALUES (393, 'Trendon Watford', 'G-F');
INSERT INTO public.positions (id, player_name, player_position) VALUES (394, 'Jared McCain', 'G');
INSERT INTO public.positions (id, player_name, player_position) VALUES (395, 'Joel Embiid', 'C-F');
INSERT INTO public.positions (id, player_name, player_position) VALUES (396, 'Johni Broome', 'F');
INSERT INTO public.positions (id, player_name, player_position) VALUES (397, 'Eric Gordon', 'G');
INSERT INTO public.positions (id, player_name, player_position) VALUES (398, 'Dominick Barlow', 'F');
INSERT INTO public.positions (id, player_name, player_position) VALUES (399, 'Charles Bassey', 'C-F');
INSERT INTO public.positions (id, player_name, player_position) VALUES (400, 'Adem Bona', 'F');
INSERT INTO public.positions (id, player_name, player_position) VALUES (401, 'Jabari Walker', 'F');
INSERT INTO public.positions (id, player_name, player_position) VALUES (402, 'VJ Edgecombe', 'G');
INSERT INTO public.positions (id, player_name, player_position) VALUES (403, 'Royce O''Neale', 'F');
INSERT INTO public.positions (id, player_name, player_position) VALUES (404, 'Ryan Dunn', 'F');
INSERT INTO public.positions (id, player_name, player_position) VALUES (405, 'Devin Booker', 'G');
INSERT INTO public.positions (id, player_name, player_position) VALUES (406, 'Nick Richards', 'C');
INSERT INTO public.positions (id, player_name, player_position) VALUES (407, 'Dillon Brooks', 'G-F');
INSERT INTO public.positions (id, player_name, player_position) VALUES (408, 'Jalen Green', 'G');
INSERT INTO public.positions (id, player_name, player_position) VALUES (409, 'Grayson Allen', 'G');
INSERT INTO public.positions (id, player_name, player_position) VALUES (410, 'Khaman Maluach', 'C');
INSERT INTO public.positions (id, player_name, player_position) VALUES (411, 'Oso Ighodaro', 'F');
INSERT INTO public.positions (id, player_name, player_position) VALUES (412, 'Collin Gillespie', 'G');
INSERT INTO public.positions (id, player_name, player_position) VALUES (413, 'Koby Brea', 'G');
INSERT INTO public.positions (id, player_name, player_position) VALUES (414, 'Mark Williams', 'C');
INSERT INTO public.positions (id, player_name, player_position) VALUES (415, 'Jamaree Bouyea', 'G');
INSERT INTO public.positions (id, player_name, player_position) VALUES (416, 'Isaiah Livers', 'F');
INSERT INTO public.positions (id, player_name, player_position) VALUES (417, 'Rasheer Fleming', 'F');
INSERT INTO public.positions (id, player_name, player_position) VALUES (418, 'Nigel Hayes-Davis', 'F');
INSERT INTO public.positions (id, player_name, player_position) VALUES (419, 'Jordan Goodwin', 'G');
INSERT INTO public.positions (id, player_name, player_position) VALUES (420, 'Damian Lillard', 'G');
INSERT INTO public.positions (id, player_name, player_position) VALUES (421, 'Scoot Henderson', 'G');
INSERT INTO public.positions (id, player_name, player_position) VALUES (422, 'Blake Wesley', 'G');
INSERT INTO public.positions (id, player_name, player_position) VALUES (423, 'Caleb Love', 'G');
INSERT INTO public.positions (id, player_name, player_position) VALUES (424, 'Matisse Thybulle', 'G-F');
INSERT INTO public.positions (id, player_name, player_position) VALUES (425, 'Jrue Holiday', 'G');
INSERT INTO public.positions (id, player_name, player_position) VALUES (426, 'Deni Avdija', 'F');
INSERT INTO public.positions (id, player_name, player_position) VALUES (427, 'Jerami Grant', 'F');
INSERT INTO public.positions (id, player_name, player_position) VALUES (428, 'Yang Hansen', 'C');
INSERT INTO public.positions (id, player_name, player_position) VALUES (429, 'Shaedon Sharpe', 'G');
INSERT INTO public.positions (id, player_name, player_position) VALUES (430, 'Javonte Cooke', 'G');
INSERT INTO public.positions (id, player_name, player_position) VALUES (431, 'Rayan Rupert', 'G-F');
INSERT INTO public.positions (id, player_name, player_position) VALUES (432, 'Donovan Clingan', 'C');
INSERT INTO public.positions (id, player_name, player_position) VALUES (433, 'Kris Murray', 'F');
INSERT INTO public.positions (id, player_name, player_position) VALUES (434, 'V├¡t Krej─ì├¡', 'G');
INSERT INTO public.positions (id, player_name, player_position) VALUES (435, 'Toumani Camara', 'F');
INSERT INTO public.positions (id, player_name, player_position) VALUES (436, 'Robert Williams III', 'C-F');
INSERT INTO public.positions (id, player_name, player_position) VALUES (437, 'Sidy Cissoko', 'G');
INSERT INTO public.positions (id, player_name, player_position) VALUES (438, 'Malik Monk', 'G');
INSERT INTO public.positions (id, player_name, player_position) VALUES (439, 'Nique Clifford', 'G');
INSERT INTO public.positions (id, player_name, player_position) VALUES (440, 'Doug McDermott', 'F');
INSERT INTO public.positions (id, player_name, player_position) VALUES (441, 'Zach LaVine', 'G');
INSERT INTO public.positions (id, player_name, player_position) VALUES (442, 'Precious Achiuwa', 'F');
INSERT INTO public.positions (id, player_name, player_position) VALUES (443, 'DeMar DeRozan', 'G-F');
INSERT INTO public.positions (id, player_name, player_position) VALUES (444, 'Domantas Sabonis', 'F-C');
INSERT INTO public.positions (id, player_name, player_position) VALUES (445, 'De''Andre Hunter', 'F-G');
INSERT INTO public.positions (id, player_name, player_position) VALUES (446, 'Keegan Murray', 'F');
INSERT INTO public.positions (id, player_name, player_position) VALUES (447, 'Russell Westbrook', 'G');
INSERT INTO public.positions (id, player_name, player_position) VALUES (448, 'Drew Eubanks', 'F-C');
INSERT INTO public.positions (id, player_name, player_position) VALUES (449, 'Devin Carter', 'G');
INSERT INTO public.positions (id, player_name, player_position) VALUES (450, 'Isaiah Stevens', 'G');
INSERT INTO public.positions (id, player_name, player_position) VALUES (451, 'Daeqwon Plowden', 'G-F');
INSERT INTO public.positions (id, player_name, player_position) VALUES (452, 'Dylan Cardwell', 'C');
INSERT INTO public.positions (id, player_name, player_position) VALUES (453, 'Maxime Raynaud', 'C');
INSERT INTO public.positions (id, player_name, player_position) VALUES (454, 'Jordan McLaughlin', 'G');
INSERT INTO public.positions (id, player_name, player_position) VALUES (455, 'Victor Wembanyama', 'F-C');
INSERT INTO public.positions (id, player_name, player_position) VALUES (456, 'Dylan Harper', 'G');
INSERT INTO public.positions (id, player_name, player_position) VALUES (457, 'Keldon Johnson', 'F-G');
INSERT INTO public.positions (id, player_name, player_position) VALUES (458, 'De''Aaron Fox', 'G');
INSERT INTO public.positions (id, player_name, player_position) VALUES (459, 'Stephon Castle', 'G');
INSERT INTO public.positions (id, player_name, player_position) VALUES (460, 'Luke Kornet', 'C-F');
INSERT INTO public.positions (id, player_name, player_position) VALUES (461, 'Kelly Olynyk', 'F-C');
INSERT INTO public.positions (id, player_name, player_position) VALUES (462, 'Jeremy Sochan', 'F');
INSERT INTO public.positions (id, player_name, player_position) VALUES (463, 'Carter Bryant', 'F');
INSERT INTO public.positions (id, player_name, player_position) VALUES (464, 'Stanley Umude', 'G');
INSERT INTO public.positions (id, player_name, player_position) VALUES (465, 'Bismack Biyombo', 'C');
INSERT INTO public.positions (id, player_name, player_position) VALUES (466, 'Devin Vassell', 'G-F');
INSERT INTO public.positions (id, player_name, player_position) VALUES (467, 'David Jones Garcia', 'G');
INSERT INTO public.positions (id, player_name, player_position) VALUES (468, 'Julian Champagnie', 'F');
INSERT INTO public.positions (id, player_name, player_position) VALUES (469, 'Harrison Barnes', 'F');
INSERT INTO public.positions (id, player_name, player_position) VALUES (470, 'Lindy Waters III', 'F');
INSERT INTO public.positions (id, player_name, player_position) VALUES (471, 'Harrison Ingram', 'F');
INSERT INTO public.positions (id, player_name, player_position) VALUES (472, 'A.J. Lawson', 'G');
INSERT INTO public.positions (id, player_name, player_position) VALUES (473, 'Gradey Dick', 'G-F');
INSERT INTO public.positions (id, player_name, player_position) VALUES (474, 'Jonathan Mogbo', 'F');
INSERT INTO public.positions (id, player_name, player_position) VALUES (475, 'Brandon Ingram', 'F');
INSERT INTO public.positions (id, player_name, player_position) VALUES (476, 'Scottie Barnes', 'F-G');
INSERT INTO public.positions (id, player_name, player_position) VALUES (477, 'Immanuel Quickley', 'G');
INSERT INTO public.positions (id, player_name, player_position) VALUES (478, 'RJ Barrett', 'F-G');
INSERT INTO public.positions (id, player_name, player_position) VALUES (479, 'Collin Murray-Boyles', 'F');
INSERT INTO public.positions (id, player_name, player_position) VALUES (480, 'Ja''Kobe Walter', 'G');
INSERT INTO public.positions (id, player_name, player_position) VALUES (481, 'Garrett Temple', 'G-F');
INSERT INTO public.positions (id, player_name, player_position) VALUES (482, 'Jakob Poeltl', 'C');
INSERT INTO public.positions (id, player_name, player_position) VALUES (483, 'Jamal Shead', 'G');
INSERT INTO public.positions (id, player_name, player_position) VALUES (484, 'Chucky Hepburn', 'G');
INSERT INTO public.positions (id, player_name, player_position) VALUES (485, 'Ochai Agbaji', 'G');
INSERT INTO public.positions (id, player_name, player_position) VALUES (486, 'Sandro Mamukelashvili', 'F-C');
INSERT INTO public.positions (id, player_name, player_position) VALUES (487, 'Alijah Martin', 'G');
INSERT INTO public.positions (id, player_name, player_position) VALUES (488, 'Jamison Battle', 'F');
INSERT INTO public.positions (id, player_name, player_position) VALUES (489, 'Taylor Hendricks', 'F');
INSERT INTO public.positions (id, player_name, player_position) VALUES (490, 'Kyle Anderson', 'F-G');
INSERT INTO public.positions (id, player_name, player_position) VALUES (491, 'Keyonte George', 'G');
INSERT INTO public.positions (id, player_name, player_position) VALUES (492, 'Cody Williams', 'F');
INSERT INTO public.positions (id, player_name, player_position) VALUES (493, 'Isaiah Collier', 'G');
INSERT INTO public.positions (id, player_name, player_position) VALUES (494, 'Svi Mykhailiuk', 'G-F');
INSERT INTO public.positions (id, player_name, player_position) VALUES (495, 'Walter Clayton Jr.', 'G');
INSERT INTO public.positions (id, player_name, player_position) VALUES (496, 'Elijah Harkless', 'G');
INSERT INTO public.positions (id, player_name, player_position) VALUES (497, 'John Tonje', 'G');
INSERT INTO public.positions (id, player_name, player_position) VALUES (498, 'Ace Bailey', 'F');
INSERT INTO public.positions (id, player_name, player_position) VALUES (499, 'Kyle Filipowski', 'C');
INSERT INTO public.positions (id, player_name, player_position) VALUES (500, 'Lauri Markkanen', 'F-C');
INSERT INTO public.positions (id, player_name, player_position) VALUES (501, 'Walker Kessler', 'C');
INSERT INTO public.positions (id, player_name, player_position) VALUES (502, 'Brice Sensabaugh', 'F');
INSERT INTO public.positions (id, player_name, player_position) VALUES (503, 'Jusuf Nurkić', 'C');
INSERT INTO public.positions (id, player_name, player_position) VALUES (504, 'Georges Niang', 'F');
INSERT INTO public.positions (id, player_name, player_position) VALUES (505, 'Oscar Tshiebwe', 'F-C');
INSERT INTO public.positions (id, player_name, player_position) VALUES (506, 'Kevin Love', 'F-C');
INSERT INTO public.positions (id, player_name, player_position) VALUES (507, 'Bilal Coulibaly', 'G');
INSERT INTO public.positions (id, player_name, player_position) VALUES (508, 'Tristan Vukcevic', 'F');
INSERT INTO public.positions (id, player_name, player_position) VALUES (509, 'Cam Whitmore', 'F');
INSERT INTO public.positions (id, player_name, player_position) VALUES (510, 'Trae Young', 'G');
INSERT INTO public.positions (id, player_name, player_position) VALUES (511, 'AJ Johnson', 'G');
INSERT INTO public.positions (id, player_name, player_position) VALUES (512, 'Jamir Watkins', 'F');
INSERT INTO public.positions (id, player_name, player_position) VALUES (513, 'Bub Carrington', 'G');
INSERT INTO public.positions (id, player_name, player_position) VALUES (514, 'Skal Labissiere', 'F-C');
INSERT INTO public.positions (id, player_name, player_position) VALUES (515, 'Malaki Branham', 'F');
INSERT INTO public.positions (id, player_name, player_position) VALUES (516, 'Justin Champagnie', 'G-F');
INSERT INTO public.positions (id, player_name, player_position) VALUES (517, 'Tre Johnson', 'G');
INSERT INTO public.positions (id, player_name, player_position) VALUES (518, 'Sharife Cooper', 'G');
INSERT INTO public.positions (id, player_name, player_position) VALUES (519, 'Anthony Gill', 'F');
INSERT INTO public.positions (id, player_name, player_position) VALUES (520, 'Kyshawn George', 'F');
INSERT INTO public.positions (id, player_name, player_position) VALUES (521, 'Alex Sarr', 'C');
INSERT INTO public.positions (id, player_name, player_position) VALUES (522, 'Khris Middleton', 'F');
INSERT INTO public.positions (id, player_name, player_position) VALUES (523, 'Will Riley', 'F');
INSERT INTO public.positions (id, player_name, player_position) VALUES (524, 'Marvin Bagley III', 'F');


--
-- Data for Name: top_usage_players; Type: TABLE DATA; Schema: public; Owner: arrbo
--

INSERT INTO public.top_usage_players (team_id, player1_name, player1_usage, player2_name, player2_usage, player3_name, player3_usage, player4_name, player4_usage, player5_name, player5_usage) VALUES (1, 'Jalen Johnson', 0.264, 'Kristaps Porziņģis', 0.259, 'CJ McCollum', 0.244, 'Nickeil Alexander-Walker', 0.238, 'RayJ Dennis', 0.2);
INSERT INTO public.top_usage_players (team_id, player1_name, player1_usage, player2_name, player2_usage, player3_name, player3_usage, player4_name, player4_usage, player5_name, player5_usage) VALUES (2, 'Jaylen Brown', 0.358, 'Derrick White', 0.228, 'Anfernee Simons', 0.228, 'Payton Pritchard', 0.204, 'Ron Harper Jr.', 0.189);
INSERT INTO public.top_usage_players (team_id, player1_name, player1_usage, player2_name, player2_usage, player3_name, player3_usage, player4_name, player4_usage, player5_name, player5_usage) VALUES (3, 'Cam Thomas', 0.299, 'Michael Porter Jr.', 0.295, 'Noah Clowney', 0.207, 'Danny Wolf', 0.189, 'Egor Dëmin', 0.188);
INSERT INTO public.top_usage_players (team_id, player1_name, player1_usage, player2_name, player2_usage, player3_name, player3_usage, player4_name, player4_usage, player5_name, player5_usage) VALUES (4, 'LaMelo Ball', 0.306, 'Brandon Miller', 0.282, 'Collin Sexton', 0.25, 'Tre Mann', 0.232, 'Miles Bridges', 0.229);
INSERT INTO public.top_usage_players (team_id, player1_name, player1_usage, player2_name, player2_usage, player3_name, player3_usage, player4_name, player4_usage, player5_name, player5_usage) VALUES (5, 'Coby White', 0.266, 'Josh Giddey', 0.25, 'Nikola Vučević', 0.215, 'Matas Buzelis', 0.21, 'Ayo Dosunmu', 0.203);
INSERT INTO public.top_usage_players (team_id, player1_name, player1_usage, player2_name, player2_usage, player3_name, player3_usage, player4_name, player4_usage, player5_name, player5_usage) VALUES (6, 'Donovan Mitchell', 0.314, 'Darius Garland', 0.25, 'Dennis Schröder', 0.222, 'Evan Mobley', 0.216, 'Tyrese Proctor', 0.205);
INSERT INTO public.top_usage_players (team_id, player1_name, player1_usage, player2_name, player2_usage, player3_name, player3_usage, player4_name, player4_usage, player5_name, player5_usage) VALUES (7, 'Anthony Davis', 0.272, 'D''Angelo Russell', 0.261, 'Brandon Williams', 0.245, 'Cooper Flagg', 0.241, 'Jaden Hardy', 0.229);
INSERT INTO public.top_usage_players (team_id, player1_name, player1_usage, player2_name, player2_usage, player3_name, player3_usage, player4_name, player4_usage, player5_name, player5_usage) VALUES (8, 'Nikola Jokić', 0.292, 'Jamal Murray', 0.274, 'Jonas Valančiūnas', 0.261, 'Aaron Gordon', 0.228, 'Curtis Jones', 0.211);
INSERT INTO public.top_usage_players (team_id, player1_name, player1_usage, player2_name, player2_usage, player3_name, player3_usage, player4_name, player4_usage, player5_name, player5_usage) VALUES (9, 'Cade Cunningham', 0.296, 'Jalen Duren', 0.221, 'Marcus Sasser', 0.213, 'Daniss Jenkins', 0.207, 'Jaden Ivey', 0.198);
INSERT INTO public.top_usage_players (team_id, player1_name, player1_usage, player2_name, player2_usage, player3_name, player3_usage, player4_name, player4_usage, player5_name, player5_usage) VALUES (10, 'Stephen Curry', 0.311, 'LJ Cryer', 0.263, 'Jonathan Kuminga', 0.239, 'De''Anthony Melton', 0.238, 'Jimmy Butler III', 0.226);
INSERT INTO public.top_usage_players (team_id, player1_name, player1_usage, player2_name, player2_usage, player3_name, player3_usage, player4_name, player4_usage, player5_name, player5_usage) VALUES (11, 'Alperen Sengun', 0.265, 'Kevin Durant', 0.26, 'Reed Sheppard', 0.205, 'Amen Thompson', 0.198, 'Tari Eason', 0.197);
INSERT INTO public.top_usage_players (team_id, player1_name, player1_usage, player2_name, player2_usage, player3_name, player3_usage, player4_name, player4_usage, player5_name, player5_usage) VALUES (12, 'Pascal Siakam', 0.281, 'T.J. McConnell', 0.237, 'Andrew Nembhard', 0.234, 'Obi Toppin', 0.232, 'Bennedict Mathurin', 0.229);
INSERT INTO public.top_usage_players (team_id, player1_name, player1_usage, player2_name, player2_usage, player3_name, player3_usage, player4_name, player4_usage, player5_name, player5_usage) VALUES (13, 'Kawhi Leonard', 0.319, 'James Harden', 0.301, 'Bradley Beal', 0.224, 'TyTy Washington Jr.', 0.191, 'Jordan Miller', 0.189);
INSERT INTO public.top_usage_players (team_id, player1_name, player1_usage, player2_name, player2_usage, player3_name, player3_usage, player4_name, player4_usage, player5_name, player5_usage) VALUES (14, 'Luka Dončić', 0.365, 'Austin Reaves', 0.276, 'LeBron James', 0.271, 'Nick Smith Jr.', 0.204, 'Deandre Ayton', 0.171);
INSERT INTO public.top_usage_players (team_id, player1_name, player1_usage, player2_name, player2_usage, player3_name, player3_usage, player4_name, player4_usage, player5_name, player5_usage) VALUES (15, 'Ty Jerome', 0.333, 'Ja Morant', 0.305, 'Jaren Jackson Jr.', 0.247, 'Cedric Coward', 0.203, 'Zach Edey', 0.2);
INSERT INTO public.top_usage_players (team_id, player1_name, player1_usage, player2_name, player2_usage, player3_name, player3_usage, player4_name, player4_usage, player5_name, player5_usage) VALUES (16, 'Norman Powell', 0.263, 'Tyler Herro', 0.247, 'Bam Adebayo', 0.234, 'Jaime Jaquez Jr.', 0.214, 'Nikola Jović', 0.205);
INSERT INTO public.top_usage_players (team_id, player1_name, player1_usage, player2_name, player2_usage, player3_name, player3_usage, player4_name, player4_usage, player5_name, player5_usage) VALUES (17, 'Giannis Antetokounmpo', 0.349, 'Cole Anthony', 0.245, 'Kevin Porter Jr.', 0.232, 'Ryan Rollins', 0.227, 'Bobby Portis', 0.22);
INSERT INTO public.top_usage_players (team_id, player1_name, player1_usage, player2_name, player2_usage, player3_name, player3_usage, player4_name, player4_usage, player5_name, player5_usage) VALUES (18, 'Anthony Edwards', 0.306, 'Julius Randle', 0.261, 'Rob Dillingham', 0.228, 'Naz Reid', 0.213, 'Johnny Juzang', 0.212);
INSERT INTO public.top_usage_players (team_id, player1_name, player1_usage, player2_name, player2_usage, player3_name, player3_usage, player4_name, player4_usage, player5_name, player5_usage) VALUES (19, 'Hunter Dickinson', 0.333, 'Zion Williamson', 0.263, 'Jordan Poole', 0.24, 'Jeremiah Fears', 0.239, 'Derik Queen', 0.22);
INSERT INTO public.top_usage_players (team_id, player1_name, player1_usage, player2_name, player2_usage, player3_name, player3_usage, player4_name, player4_usage, player5_name, player5_usage) VALUES (20, 'Jalen Brunson', 0.302, 'Karl-Anthony Towns', 0.25, 'Jordan Clarkson', 0.208, 'OG Anunoby', 0.198, 'Tyler Kolek', 0.177);
INSERT INTO public.top_usage_players (team_id, player1_name, player1_usage, player2_name, player2_usage, player3_name, player3_usage, player4_name, player4_usage, player5_name, player5_usage) VALUES (21, 'Shai Gilgeous-Alexander', 0.321, 'Jalen Williams', 0.247, 'Chet Holmgren', 0.22, 'Ajay Mitchell', 0.213, 'Aaron Wiggins', 0.189);
INSERT INTO public.top_usage_players (team_id, player1_name, player1_usage, player2_name, player2_usage, player3_name, player3_usage, player4_name, player4_usage, player5_name, player5_usage) VALUES (22, 'Moritz Wagner', 0.273, 'Paolo Banchero', 0.268, 'Franz Wagner', 0.252, 'Jalen Suggs', 0.232, 'Desmond Bane', 0.226);
INSERT INTO public.top_usage_players (team_id, player1_name, player1_usage, player2_name, player2_usage, player3_name, player3_usage, player4_name, player4_usage, player5_name, player5_usage) VALUES (23, 'Joel Embiid', 0.341, 'Tyrese Maxey', 0.282, 'Johni Broome', 0.233, 'Paul George', 0.218, 'VJ Edgecombe', 0.186);
INSERT INTO public.top_usage_players (team_id, player1_name, player1_usage, player2_name, player2_usage, player3_name, player3_usage, player4_name, player4_usage, player5_name, player5_usage) VALUES (24, 'Jalen Green', 0.315, 'Devin Booker', 0.3, 'Dillon Brooks', 0.276, 'Grayson Allen', 0.221, 'Collin Gillespie', 0.186);
INSERT INTO public.top_usage_players (team_id, player1_name, player1_usage, player2_name, player2_usage, player3_name, player3_usage, player4_name, player4_usage, player5_name, player5_usage) VALUES (25, 'Shaedon Sharpe', 0.296, 'Deni Avdija', 0.283, 'Jerami Grant', 0.238, 'Caleb Love', 0.225, 'Jrue Holiday', 0.22);
INSERT INTO public.top_usage_players (team_id, player1_name, player1_usage, player2_name, player2_usage, player3_name, player3_usage, player4_name, player4_usage, player5_name, player5_usage) VALUES (26, 'Russell Westbrook', 0.249, 'Zach LaVine', 0.237, 'Malik Monk', 0.228, 'De''Andre Hunter', 0.219, 'Domantas Sabonis', 0.219);
INSERT INTO public.top_usage_players (team_id, player1_name, player1_usage, player2_name, player2_usage, player3_name, player3_usage, player4_name, player4_usage, player5_name, player5_usage) VALUES (27, 'Victor Wembanyama', 0.32, 'De''Aaron Fox', 0.247, 'Stephon Castle', 0.247, 'Dylan Harper', 0.227, 'Keldon Johnson', 0.192);
INSERT INTO public.top_usage_players (team_id, player1_name, player1_usage, player2_name, player2_usage, player3_name, player3_usage, player4_name, player4_usage, player5_name, player5_usage) VALUES (28, 'Brandon Ingram', 0.268, 'RJ Barrett', 0.254, 'Scottie Barnes', 0.233, 'Chucky Hepburn', 0.219, 'Immanuel Quickley', 0.21);
INSERT INTO public.top_usage_players (team_id, player1_name, player1_usage, player2_name, player2_usage, player3_name, player3_usage, player4_name, player4_usage, player5_name, player5_usage) VALUES (29, 'Keyonte George', 0.271, 'Lauri Markkanen', 0.264, 'Brice Sensabaugh', 0.22, 'Jusuf Nurkić', 0.189, 'Ace Bailey', 0.188);
INSERT INTO public.top_usage_players (team_id, player1_name, player1_usage, player2_name, player2_usage, player3_name, player3_usage, player4_name, player4_usage, player5_name, player5_usage) VALUES (30, 'Trae Young', 0.268, 'Tristan Vukcevic', 0.253, 'Alex Sarr', 0.251, 'Cam Whitmore', 0.225, 'Kyshawn George', 0.219);


--
-- Name: averages_id_seq; Type: SEQUENCE SET; Schema: public; Owner: arrbo
--

SELECT pg_catalog.setval('public.averages_id_seq', 520, true);


--
-- Name: positions_id_seq; Type: SEQUENCE SET; Schema: public; Owner: arrbo
--

SELECT pg_catalog.setval('public.positions_id_seq', 524, true);


--
-- PostgreSQL database dump complete
--

\unrestrict miIMRlQLmPef1xRGfY6GTPH8q6pRFHlmkWrj1pVfOnclIAK8ca2cgCCUYzRG77r

